timestamp,position_lat,position_long,distance,enhanced_altitude,altitude,enhanced_speed,speed,heart_rate,cadence,fractional_cadence,temperature,timestamp_utc,timezone
2017-03-09 19:22:24+11:00,-37.888948917388916,144.983683610335,0.0,-7.800000000000011,2461,2.3508,2350.8,,45,0.5,30,2017-03-09 08:22:24,Australia/Melbourne
2017-03-09 19:22:28+11:00,-37.88891748525202,144.98363030143082,0.00587,-7.0,2465,6.012,6012.0,,0,0.0,30,2017-03-09 08:22:28,Australia/Melbourne
2017-03-09 19:22:36+11:00,-37.8887633420527,144.9834671895951,0.02822,-7.199999999999989,2464,9.5724,9572.4,,85,0.0,30,2017-03-09 08:22:36,Australia/Melbourne
2017-03-09 19:22:43+11:00,-37.88862026296556,144.98332302086055,0.048549999999999996,-7.399999999999977,2463,10.112400000000001,10112.4,,83,0.0,30,2017-03-09 08:22:43,Australia/Melbourne
2017-03-09 19:22:50+11:00,-37.88846394047141,144.983199974522,0.06905,-7.600000000000023,2462,10.177200000000001,10177.2,,82,0.5,30,2017-03-09 08:22:50,Australia/Melbourne
2017-03-09 19:22:58+11:00,-37.88830108009279,144.9830496031791,0.09143000000000001,-7.600000000000023,2462,10.2132,10213.2,,83,0.0,30,2017-03-09 08:22:58,Australia/Melbourne
2017-03-09 19:23:06+11:00,-37.88814123719931,144.982896046713,0.11375,-8.399999999999977,2458,10.112400000000001,10112.4,,82,0.5,30,2017-03-09 08:23:06,Australia/Melbourne
2017-03-09 19:23:13+11:00,-37.887997990474105,144.98275715857744,0.13386,-7.600000000000023,2462,10.0764,10076.4,,82,0.5,30,2017-03-09 08:23:13,Australia/Melbourne
2017-03-09 19:23:20+11:00,-37.887846529483795,144.98262388631701,0.15443,-7.0,2465,11.0844,11084.4,,83,0.0,30,2017-03-09 08:23:20,Australia/Melbourne
2017-03-09 19:23:28+11:00,-37.88770210929215,144.98245951719582,0.17612,-7.199999999999989,2464,9.5076,9507.6,,83,0.0,30,2017-03-09 08:23:28,Australia/Melbourne
2017-03-09 19:23:35+11:00,-37.88756028749049,144.98230998404324,0.19663,-7.399999999999977,2463,10.011600000000001,10011.6,,84,0.0,30,2017-03-09 08:23:35,Australia/Melbourne
2017-03-09 19:23:43+11:00,-37.887402288615704,144.98215198516846,0.21903,-7.800000000000011,2461,10.011600000000001,10011.6,,84,0.0,30,2017-03-09 08:23:43,Australia/Melbourne
2017-03-09 19:23:50+11:00,-37.887262562289834,144.98203438706696,0.23771,-6.800000000000011,2466,9.943200000000001,9943.2,,84,0.0,30,2017-03-09 08:23:50,Australia/Melbourne
2017-03-09 19:23:58+11:00,-37.887114118784666,144.9818748794496,0.25939999999999996,-7.399999999999977,2463,9.9108,9910.800000000001,,82,0.5,30,2017-03-09 08:23:58,Australia/Melbourne
2017-03-09 19:24:06+11:00,-37.88695553317666,144.98171403072774,0.28201,-7.600000000000023,2462,10.011600000000001,10011.6,,82,0.5,30,2017-03-09 08:24:06,Australia/Melbourne
2017-03-09 19:24:13+11:00,-37.88680926896632,144.981579920277,0.30207999999999996,-7.199999999999989,2464,10.548,10548.0,,82,0.5,30,2017-03-09 08:24:13,Australia/Melbourne
2017-03-09 19:24:21+11:00,-37.88664607331157,144.9814348295331,0.32424000000000003,-7.399999999999977,2463,10.044,10044.0,,83,0.0,30,2017-03-09 08:24:21,Australia/Melbourne
2017-03-09 19:24:29+11:00,-37.886486733332276,144.98129669576883,0.34573000000000004,-7.600000000000023,2462,9.943200000000001,9943.2,,82,0.0,30,2017-03-09 08:24:29,Australia/Melbourne
2017-03-09 19:24:37+11:00,-37.88633443415165,144.98113106936216,0.36812,-7.199999999999989,2464,10.0764,10076.4,,83,0.0,30,2017-03-09 08:24:37,Australia/Melbourne
2017-03-09 19:24:45+11:00,-37.88617517799139,144.98096670024097,0.39096,-7.600000000000023,2462,10.044,10044.0,,82,0.0,30,2017-03-09 08:24:45,Australia/Melbourne
2017-03-09 19:24:53+11:00,-37.88601575419307,144.98080727644265,0.41355000000000003,-7.600000000000023,2462,10.044,10044.0,,83,0.0,30,2017-03-09 08:24:53,Australia/Melbourne
2017-03-09 19:24:59+11:00,-37.88589907810092,144.98069277964532,0.42997,-7.800000000000011,2461,10.044,10044.0,,82,0.0,30,2017-03-09 08:24:59,Australia/Melbourne
2017-03-09 19:25:07+11:00,-37.88574015721679,144.98053939081728,0.45219,-7.600000000000023,2462,9.9108,9910.800000000001,,83,0.0,30,2017-03-09 08:25:07,Australia/Melbourne
2017-03-09 19:25:15+11:00,-37.88558450527489,144.9803763628006,0.47464999999999996,-7.399999999999977,2463,10.011600000000001,10011.6,,82,0.0,30,2017-03-09 08:25:15,Australia/Melbourne
2017-03-09 19:25:23+11:00,-37.88542667403817,144.98022858984768,0.49647,-7.399999999999977,2463,10.011600000000001,10011.6,,84,0.0,30,2017-03-09 08:25:23,Australia/Melbourne
2017-03-09 19:25:30+11:00,-37.88528208620846,144.98009162954986,0.51659,-7.800000000000011,2461,10.0764,10076.4,,84,0.0,30,2017-03-09 08:25:30,Australia/Melbourne
2017-03-09 19:25:37+11:00,-37.88514420390129,144.97994444333017,0.5366599999999999,-7.600000000000023,2462,10.177200000000001,10177.2,,83,0.5,30,2017-03-09 08:25:37,Australia/Melbourne
2017-03-09 19:25:45+11:00,-37.8849830199033,144.97979658655822,0.55879,-7.600000000000023,2462,10.011600000000001,10011.6,,82,0.5,30,2017-03-09 08:25:45,Australia/Melbourne
2017-03-09 19:25:53+11:00,-37.88483097217977,144.97963448055089,0.5809099999999999,-7.399999999999977,2463,9.7416,9741.6,,83,0.0,30,2017-03-09 08:25:53,Australia/Melbourne
2017-03-09 19:26:01+11:00,-37.88468730635941,144.97945670038462,0.60327,-7.600000000000023,2462,9.9756,9975.6,,82,0.5,30,2017-03-09 08:26:01,Australia/Melbourne
2017-03-09 19:26:08+11:00,-37.8845651820302,144.979285961017,0.62351,-7.600000000000023,2462,10.0764,10076.4,,83,0.0,30,2017-03-09 08:26:08,Australia/Melbourne
2017-03-09 19:26:16+11:00,-37.88442897610366,144.9791014753282,0.6457,-7.600000000000023,2462,10.011600000000001,10011.6,,83,0.0,30,2017-03-09 08:26:16,Australia/Melbourne
2017-03-09 19:26:24+11:00,-37.884301068261266,144.97891413979232,0.6674800000000001,-7.399999999999977,2463,9.8748,9874.800000000001,,83,0.0,30,2017-03-09 08:26:24,Australia/Melbourne
2017-03-09 19:26:32+11:00,-37.88418313488364,144.9787127226591,0.68952,-7.600000000000023,2462,9.8748,9874.800000000001,,81,0.5,30,2017-03-09 08:26:32,Australia/Melbourne
2017-03-09 19:26:39+11:00,-37.88408028893173,144.97852471657097,0.70963,-7.399999999999977,2463,10.044,10044.0,,82,0.0,30,2017-03-09 08:26:39,Australia/Melbourne
2017-03-09 19:26:47+11:00,-37.883963948115706,144.97832095250487,0.73173,-7.399999999999977,2463,9.9756,9975.6,,83,0.0,30,2017-03-09 08:26:47,Australia/Melbourne
2017-03-09 19:26:55+11:00,-37.88385431282222,144.97811316512525,0.75388,-7.800000000000011,2461,9.943200000000001,9943.2,,83,0.0,30,2017-03-09 08:26:55,Australia/Melbourne
2017-03-09 19:27:03+11:00,-37.883697152137756,144.97795374132693,0.77632,-7.399999999999977,2463,9.9108,9910.800000000001,,83,0.0,29,2017-03-09 08:27:03,Australia/Melbourne
2017-03-09 19:27:11+11:00,-37.88353110663593,144.97781979851425,0.7982,-7.800000000000011,2461,10.346400000000001,10346.4,,82,0.0,29,2017-03-09 08:27:11,Australia/Melbourne
2017-03-09 19:27:19+11:00,-37.88337687961757,144.9776536691934,0.8207899999999999,-7.600000000000023,2462,9.9756,9975.6,,84,0.0,29,2017-03-09 08:27:19,Australia/Melbourne
2017-03-09 19:27:27+11:00,-37.88324452936649,144.97746306471527,0.84311,-7.600000000000023,2462,10.0764,10076.4,,83,0.0,29,2017-03-09 08:27:27,Australia/Melbourne
2017-03-09 19:27:34+11:00,-37.88313967175782,144.97727556154132,0.8633099999999999,-7.600000000000023,2462,10.112400000000001,10112.4,,83,0.0,29,2017-03-09 08:27:34,Australia/Melbourne
2017-03-09 19:27:42+11:00,-37.88303129374981,144.97707556933165,0.8846799999999999,-7.399999999999977,2463,10.011600000000001,10011.6,,82,0.0,29,2017-03-09 08:27:42,Australia/Melbourne
2017-03-09 19:27:50+11:00,-37.882912857457995,144.97687473893166,0.90671,-7.399999999999977,2463,9.943200000000001,9943.2,,82,0.0,29,2017-03-09 08:27:50,Australia/Melbourne
2017-03-09 19:27:58+11:00,-37.88279542699456,144.97667457908392,0.92864,-7.600000000000023,2462,9.8424,9842.4,,83,0.0,29,2017-03-09 08:27:58,Australia/Melbourne
2017-03-09 19:28:06+11:00,-37.88267690688372,144.9764617625624,0.95156,-7.600000000000023,2462,9.943200000000001,9943.2,,83,0.0,29,2017-03-09 08:28:06,Australia/Melbourne
2017-03-09 19:28:14+11:00,-37.882550256326795,144.976267805323,0.97378,-7.800000000000011,2461,9.7416,9741.6,,82,0.0,29,2017-03-09 08:28:14,Australia/Melbourne
2017-03-09 19:28:22+11:00,-37.882446739822626,144.97604803182185,0.9963500000000001,-7.600000000000023,2462,10.0764,10076.4,,84,0.0,29,2017-03-09 08:28:22,Australia/Melbourne
2017-03-09 19:28:24+11:00,-37.88241941481829,144.97599120251834,1.0022,-7.600000000000023,2462,10.0764,10076.4,,84,0.0,29,2017-03-09 08:28:24,Australia/Melbourne
2017-03-09 19:28:32+11:00,-37.88229393772781,144.97578777372837,1.02494,-8.0,2460,10.245600000000001,10245.6,,83,0.0,29,2017-03-09 08:28:32,Australia/Melbourne
2017-03-09 19:28:40+11:00,-37.88212479092181,144.975667828694,1.04694,-7.600000000000023,2462,9.8424,9842.4,,83,0.0,29,2017-03-09 08:28:40,Australia/Melbourne
2017-03-09 19:28:48+11:00,-37.88192597217858,144.97564922086895,1.06924,-8.0,2460,9.943200000000001,9943.2,,85,0.0,29,2017-03-09 08:28:48,Australia/Melbourne
2017-03-09 19:28:55+11:00,-37.88174727000296,144.9757090676576,1.0898299999999999,-7.800000000000011,2461,10.314000000000002,10314.0,,83,0.0,29,2017-03-09 08:28:55,Australia/Melbourne
2017-03-09 19:29:02+11:00,-37.881575524806976,144.9758359696716,1.11205,-8.0,2460,10.548,10548.0,,84,0.0,29,2017-03-09 08:29:02,Australia/Melbourne
2017-03-09 19:29:08+11:00,-37.881450885906816,144.97595189139247,1.12923,-8.399999999999977,2458,10.4796,10479.6,,84,0.0,29,2017-03-09 08:29:08,Australia/Melbourne
2017-03-09 19:29:16+11:00,-37.88126656785607,144.97603319585323,1.15148,-7.600000000000023,2462,10.3788,10378.800000000001,,83,0.5,29,2017-03-09 08:29:16,Australia/Melbourne
2017-03-09 19:29:24+11:00,-37.88107596337795,144.9760344531387,1.1726500000000002,-7.0,2465,9.9756,9975.6,,83,0.0,29,2017-03-09 08:29:24,Australia/Melbourne
2017-03-09 19:29:32+11:00,-37.88088334724307,144.97602288611233,1.19406,-7.199999999999989,2464,9.709200000000001,9709.2,,84,0.5,29,2017-03-09 08:29:32,Australia/Melbourne
2017-03-09 19:29:40+11:00,-37.88068578578532,144.97600654140115,1.21604,-7.199999999999989,2464,9.774,9774.0,,82,0.5,29,2017-03-09 08:29:40,Australia/Melbourne
2017-03-09 19:29:48+11:00,-37.88048512302339,144.97599245980382,1.23837,-7.199999999999989,2464,10.314000000000002,10314.0,,83,0.0,29,2017-03-09 08:29:48,Australia/Melbourne
2017-03-09 19:29:56+11:00,-37.8802861366421,144.97597460635006,1.26051,-7.399999999999977,2463,9.8424,9842.4,,84,0.0,29,2017-03-09 08:29:56,Australia/Melbourne
2017-03-09 19:30:04+11:00,-37.88008941337466,144.97596840374172,1.2823499999999999,-7.399999999999977,2463,9.2052,9205.2,,83,0.0,29,2017-03-09 08:30:04,Australia/Melbourne
2017-03-09 19:30:12+11:00,-37.879895120859146,144.97593898326159,1.30409,-7.399999999999977,2463,10.1448,10144.800000000001,,84,0.0,29,2017-03-09 08:30:12,Australia/Melbourne
2017-03-09 19:30:20+11:00,-37.87969563156366,144.97591325081885,1.32636,-7.0,2465,10.044,10044.0,,83,0.0,29,2017-03-09 08:30:20,Australia/Melbourne
2017-03-09 19:30:28+11:00,-37.87949547171593,144.97589204460382,1.34867,-7.199999999999989,2464,10.3788,10378.800000000001,,83,0.0,29,2017-03-09 08:30:28,Australia/Melbourne
2017-03-09 19:30:35+11:00,-37.879313584417105,144.9758756160736,1.36893,-7.199999999999989,2464,10.4148,10414.800000000001,,84,0.0,29,2017-03-09 08:30:35,Australia/Melbourne
2017-03-09 19:30:41+11:00,-37.8791568428278,144.97590579092503,1.3869200000000002,-7.399999999999977,2463,10.648800000000001,10648.800000000001,,84,0.0,29,2017-03-09 08:30:41,Australia/Melbourne
2017-03-09 19:30:44+11:00,-37.879110826179385,144.9759879335761,1.39589,-7.600000000000023,2462,10.580400000000001,10580.4,,83,0.0,29,2017-03-09 08:30:44,Australia/Melbourne
2017-03-09 19:30:51+11:00,-37.87908727303147,144.97622346505523,1.41678,-7.600000000000023,2462,10.4796,10479.6,,84,0.0,29,2017-03-09 08:30:51,Australia/Melbourne
2017-03-09 19:30:58+11:00,-37.87906707264483,144.97645924799144,1.4376600000000002,-8.0,2460,10.6128,10612.800000000001,,84,0.0,29,2017-03-09 08:30:58,Australia/Melbourne
2017-03-09 19:31:06+11:00,-37.87903547286987,144.97670131735504,1.45929,-8.199999999999989,2459,10.112400000000001,10112.4,,83,0.0,29,2017-03-09 08:31:06,Australia/Melbourne
2017-03-09 19:31:14+11:00,-37.87900454364717,144.97694816440344,1.48128,-8.399999999999977,2458,10.177200000000001,10177.2,,83,0.0,29,2017-03-09 08:31:14,Australia/Melbourne
2017-03-09 19:31:22+11:00,-37.87897462025285,144.9771837797016,1.50227,-8.600000000000023,2457,9.8424,9842.4,,81,0.5,29,2017-03-09 08:31:22,Australia/Melbourne
2017-03-09 19:31:23+11:00,-37.87895844317973,144.97719962149858,1.50454,-8.600000000000023,2457,9.7416,9741.6,,81,0.5,29,2017-03-09 08:31:23,Australia/Melbourne
2017-03-09 19:31:31+11:00,-37.8787593729794,144.97719165869057,1.5268499999999998,-8.399999999999977,2458,9.9108,9910.800000000001,,84,0.0,29,2017-03-09 08:31:31,Australia/Melbourne
2017-03-09 19:31:37+11:00,-37.87865610793233,144.9771087616682,1.54169,-8.600000000000023,2457,8.3628,8362.800000000001,,83,0.5,29,2017-03-09 08:31:37,Australia/Melbourne
2017-03-09 19:31:44+11:00,-37.878697011619806,144.97686124406755,1.56399,-8.199999999999989,2459,11.052,11052.0,,84,0.0,29,2017-03-09 08:31:44,Australia/Melbourne
2017-03-09 19:31:51+11:00,-37.878716457635164,144.976627221331,1.5846900000000002,-8.0,2460,10.6812,10681.2,,85,0.0,29,2017-03-09 08:31:51,Australia/Melbourne
2017-03-09 19:31:59+11:00,-37.878723330795765,144.97636880725622,1.60745,-8.0,2460,10.346400000000001,10346.4,,84,0.0,29,2017-03-09 08:31:59,Australia/Melbourne
2017-03-09 19:32:04+11:00,-37.87871712818742,144.97622011229396,1.62062,-7.800000000000011,2461,10.1448,10144.800000000001,,82,0.0,29,2017-03-09 08:32:04,Australia/Melbourne
2017-03-09 19:32:10+11:00,-37.87859760224819,144.9761184398085,1.6368699999999998,-7.0,2465,9.8424,9842.4,,81,0.0,29,2017-03-09 08:32:10,Australia/Melbourne
2017-03-09 19:32:12+11:00,-37.878557452932,144.9761200323701,1.64131,-6.600000000000023,2467,8.2296,8229.6,,83,0.0,29,2017-03-09 08:32:12,Australia/Melbourne
2017-03-09 19:32:45+11:00,-37.87849836051464,144.97614023275673,1.64131,-7.0,2465,0.2016,201.6,,0,0.0,29,2017-03-09 08:32:45,Australia/Melbourne
2017-03-09 19:32:49+11:00,-37.87855887785554,144.97615054249763,1.6481,-7.0,2465,7.6572,7657.2,,0,0.0,29,2017-03-09 08:32:49,Australia/Melbourne
2017-03-09 19:32:55+11:00,-37.87871184758842,144.9762384686619,1.66693,-8.0,2460,10.850399999999999,10850.4,,85,0.0,29,2017-03-09 08:32:55,Australia/Melbourne
2017-03-09 19:32:57+11:00,-37.87876599468291,144.97625674121082,1.6731500000000001,-6.800000000000011,2466,10.850399999999999,10850.4,,86,0.0,29,2017-03-09 08:32:57,Australia/Melbourne
2017-03-09 19:32:58+11:00,-37.87878946401179,144.97626051306725,1.67577,-5.600000000000023,2472,10.2132,10213.2,,85,0.0,29,2017-03-09 08:32:58,Australia/Melbourne
2017-03-09 19:33:05+11:00,-37.878974536433816,144.97626847587526,1.69634,-5.600000000000023,2472,10.3788,10378.800000000001,,81,0.5,29,2017-03-09 08:33:05,Australia/Melbourne
2017-03-09 19:33:10+11:00,-37.879109904170036,144.97626135125756,1.7115,-6.0,2470,10.4796,10479.6,,83,0.0,29,2017-03-09 08:33:10,Australia/Melbourne
2017-03-09 19:33:12+11:00,-37.87915105931461,144.97620745562017,1.71817,-6.199999999999989,2469,10.4796,10479.6,,83,0.0,29,2017-03-09 08:33:12,Australia/Melbourne
2017-03-09 19:33:15+11:00,-37.879167487844825,144.97609740123153,1.72806,-6.600000000000023,2467,10.7136,10713.6,,85,0.0,29,2017-03-09 08:33:15,Australia/Melbourne
2017-03-09 19:33:22+11:00,-37.87919866852462,144.97587494552135,1.74826,-6.399999999999977,2468,10.6128,10612.800000000001,,83,0.0,29,2017-03-09 08:33:22,Australia/Melbourne
2017-03-09 19:33:30+11:00,-37.879388853907585,144.975889865309,1.76956,-6.800000000000011,2466,10.245600000000001,10245.6,,84,0.0,29,2017-03-09 08:33:30,Australia/Melbourne
2017-03-09 19:33:33+11:00,-37.87947183474898,144.97589112259448,1.7787899999999999,-5.600000000000023,2472,10.278,10278.0,,83,0.0,29,2017-03-09 08:33:33,Australia/Melbourne
2017-03-09 19:33:40+11:00,-37.87965330295265,144.975926829502,1.79929,-5.199999999999989,2474,10.346400000000001,10346.4,,84,0.0,29,2017-03-09 08:33:40,Australia/Melbourne
2017-03-09 19:33:48+11:00,-37.87985187023878,144.9759604409337,1.82154,-5.399999999999977,2473,10.245600000000001,10245.6,,83,0.0,29,2017-03-09 08:33:48,Australia/Melbourne
2017-03-09 19:33:55+11:00,-37.880031410604715,144.97597645036876,1.8415599999999999,-5.199999999999989,2474,10.245600000000001,10245.6,,84,0.0,29,2017-03-09 08:33:55,Australia/Melbourne
2017-03-09 19:34:03+11:00,-37.880234671756625,144.97599245980382,1.86417,-5.600000000000023,2472,10.177200000000001,10177.2,,84,0.5,29,2017-03-09 08:34:03,Australia/Melbourne
2017-03-09 19:34:11+11:00,-37.88043198175728,144.97601157054305,1.88616,-5.600000000000023,2472,10.1448,10144.800000000001,,83,0.0,29,2017-03-09 08:34:11,Australia/Melbourne
2017-03-09 19:34:19+11:00,-37.88062619045377,144.9760248977691,1.90774,-5.800000000000011,2471,10.011600000000001,10011.6,,83,0.0,29,2017-03-09 08:34:19,Australia/Melbourne
2017-03-09 19:34:27+11:00,-37.88082023151219,144.97603847645223,1.92932,-6.199999999999989,2469,9.943200000000001,9943.2,,83,0.0,29,2017-03-09 08:34:27,Australia/Melbourne
2017-03-09 19:34:34+11:00,-37.88100781850517,144.9760611075908,1.95024,-5.800000000000011,2471,10.044,10044.0,,84,0.0,29,2017-03-09 08:34:34,Australia/Melbourne
2017-03-09 19:34:41+11:00,-37.88119054399431,144.97605624608696,1.97054,-6.0,2470,10.112400000000001,10112.4,,85,0.5,29,2017-03-09 08:34:41,Australia/Melbourne
2017-03-09 19:34:48+11:00,-37.88138165138662,144.97604702599347,1.99185,-6.0,2470,10.245600000000001,10245.6,,84,0.0,29,2017-03-09 08:34:48,Australia/Melbourne
2017-03-09 19:34:51+11:00,-37.88145096972585,144.97600737959146,2.00035,-6.399999999999977,2468,10.278,10278.0,,83,0.0,29,2017-03-09 08:34:51,Australia/Melbourne
2017-03-09 19:34:54+11:00,-37.881513833999634,144.97594820335507,2.00904,-6.800000000000011,2466,10.278,10278.0,,82,0.0,29,2017-03-09 08:34:54,Australia/Melbourne
2017-03-09 19:35:01+11:00,-37.88166278041899,144.97581442818046,2.02935,-6.800000000000011,2466,10.278,10278.0,,84,0.0,29,2017-03-09 08:35:01,Australia/Melbourne
2017-03-09 19:35:08+11:00,-37.88182262331247,144.97570496052504,2.04956,-6.600000000000023,2467,10.346400000000001,10346.4,,83,0.0,28,2017-03-09 08:35:08,Australia/Melbourne
2017-03-09 19:35:16+11:00,-37.882010377943516,144.97565927915275,2.0708,-6.399999999999977,2468,10.011600000000001,10011.6,,85,0.0,28,2017-03-09 08:35:16,Australia/Melbourne
2017-03-09 19:35:24+11:00,-37.88218941539526,144.9757218081504,2.09167,-6.600000000000023,2467,9.774,9774.0,,83,0.0,28,2017-03-09 08:35:24,Australia/Melbourne
2017-03-09 19:35:31+11:00,-37.882313719019294,144.97589766047895,2.1125,-6.600000000000023,2467,9.943200000000001,9943.2,,85,0.0,28,2017-03-09 08:35:31,Australia/Melbourne
2017-03-09 19:35:38+11:00,-37.882407093420625,144.97609371319413,2.1326199999999997,-6.800000000000011,2466,10.1448,10144.800000000001,,83,0.0,28,2017-03-09 08:35:38,Australia/Melbourne
2017-03-09 19:35:45+11:00,-37.88250222802162,144.9762939568609,2.15318,-6.800000000000011,2466,10.2132,10213.2,,84,0.0,28,2017-03-09 08:35:45,Australia/Melbourne
2017-03-09 19:35:53+11:00,-37.882623011246324,144.97648481279612,2.17467,-6.800000000000011,2466,10.1448,10144.800000000001,,82,0.0,28,2017-03-09 08:35:53,Australia/Melbourne
2017-03-09 19:36:01+11:00,-37.88273608312011,144.97668421827257,2.19624,-6.600000000000023,2467,10.044,10044.0,,82,0.0,28,2017-03-09 08:36:01,Australia/Melbourne
2017-03-09 19:36:09+11:00,-37.882858542725444,144.97687004506588,2.2176199999999997,-6.199999999999989,2469,9.9108,9910.800000000001,,83,0.0,28,2017-03-09 08:36:09,Australia/Melbourne
2017-03-09 19:36:17+11:00,-37.88297773338854,144.97705997899175,2.23898,-6.600000000000023,2467,9.81,9810.0,,82,0.0,28,2017-03-09 08:36:17,Australia/Melbourne
2017-03-09 19:36:25+11:00,-37.883084854111075,144.97726751491427,2.2608200000000003,-6.399999999999977,2468,9.7416,9741.6,,83,0.0,28,2017-03-09 08:36:25,Australia/Melbourne
2017-03-09 19:36:33+11:00,-37.88319809362292,144.97745912522078,2.28192,-6.399999999999977,2468,9.6732,9673.2,,82,0.0,28,2017-03-09 08:36:33,Australia/Melbourne
2017-03-09 19:36:41+11:00,-37.883329102769494,144.9776494782418,2.30415,-6.199999999999989,2469,9.81,9810.0,,82,0.0,28,2017-03-09 08:36:41,Australia/Melbourne
2017-03-09 19:36:44+11:00,-37.88335542194545,144.9777200538665,2.3111599999999997,-6.399999999999977,2468,9.7416,9741.6,,82,0.0,28,2017-03-09 08:36:44,Australia/Melbourne
2017-03-09 19:36:46+11:00,-37.883337903767824,144.9777588620782,2.31509,-6.399999999999977,2468,9.6084,9608.4,,82,0.0,28,2017-03-09 08:36:46,Australia/Melbourne
2017-03-09 19:39:00+11:00,-37.88333438336849,144.97780630365014,2.31509,-5.399999999999977,2473,0.0,0.0,,0,0.0,30,2017-03-09 08:39:00,Australia/Melbourne
2017-03-09 19:39:02+11:00,-37.88333857432008,144.97776875272393,2.31854,-6.600000000000023,2467,0.16920000000000002,169.20000000000002,,0,0.0,30,2017-03-09 08:39:02,Australia/Melbourne
2017-03-09 19:39:04+11:00,-37.883351147174835,144.97772516682744,2.32261,-6.199999999999989,2469,7.0884,7088.400000000001,,80,0.0,30,2017-03-09 08:39:04,Australia/Melbourne
2017-03-09 19:39:06+11:00,-37.88338123820722,144.97770094312727,2.32664,-7.600000000000023,2462,7.6932,7693.2,,80,0.0,30,2017-03-09 08:39:06,Australia/Melbourne
2017-03-09 19:39:09+11:00,-37.88344728760421,144.9777462054044,2.3350500000000003,-8.0,2460,9.943200000000001,9943.2,,82,0.5,30,2017-03-09 08:39:09,Australia/Melbourne
2017-03-09 19:39:16+11:00,-37.88359531201422,144.97791476547718,2.35718,-8.800000000000011,2456,11.0844,11084.4,,85,0.5,30,2017-03-09 08:39:16,Australia/Melbourne
2017-03-09 19:39:23+11:00,-37.883730260655284,144.978070249781,2.37749,-8.399999999999977,2458,10.4148,10414.800000000001,,84,0.0,30,2017-03-09 08:39:23,Australia/Melbourne
2017-03-09 19:39:31+11:00,-37.88387484848499,144.9782528076321,2.40027,-8.199999999999989,2459,10.4148,10414.800000000001,,84,0.0,30,2017-03-09 08:39:31,Australia/Melbourne
2017-03-09 19:39:39+11:00,-37.883982975035906,144.97846009209752,2.42218,-8.600000000000023,2457,10.1448,10144.800000000001,,84,0.0,29,2017-03-09 08:39:39,Australia/Melbourne
2017-03-09 19:39:47+11:00,-37.88409654982388,144.97865857556462,2.44372,-8.199999999999989,2459,9.943200000000001,9943.2,,84,0.0,29,2017-03-09 08:39:47,Australia/Melbourne
2017-03-09 19:39:53+11:00,-37.884181793779135,144.97881623916328,2.46051,-8.0,2460,9.9756,9975.6,,84,0.0,29,2017-03-09 08:39:53,Australia/Melbourne
2017-03-09 19:40:00+11:00,-37.8842958714813,144.97900424525142,2.4813400000000003,-8.0,2460,10.112400000000001,10112.4,,85,0.0,29,2017-03-09 08:40:00,Australia/Melbourne
2017-03-09 19:40:07+11:00,-37.88440014235675,144.9791931733489,2.50162,-8.399999999999977,2458,10.245600000000001,10245.6,,85,0.0,29,2017-03-09 08:40:07,Australia/Melbourne
2017-03-09 19:40:15+11:00,-37.88454305380583,144.97936961241066,2.5238899999999997,-8.0,2460,10.1448,10144.800000000001,,85,0.0,29,2017-03-09 08:40:15,Australia/Melbourne
2017-03-09 19:40:22+11:00,-37.88467029109597,144.9795354064554,2.54421,-8.0,2460,10.177200000000001,10177.2,,85,0.0,29,2017-03-09 08:40:22,Australia/Melbourne
2017-03-09 19:40:30+11:00,-37.884821416810155,144.97970413416624,2.56664,-8.800000000000011,2456,10.2132,10213.2,,85,0.0,29,2017-03-09 08:40:30,Australia/Melbourne
2017-03-09 19:40:38+11:00,-37.88497849367559,144.9798597022891,2.5888899999999997,-8.600000000000023,2457,10.112400000000001,10112.4,,84,0.0,29,2017-03-09 08:40:38,Australia/Melbourne
2017-03-09 19:40:46+11:00,-37.88513741455972,144.98001409694552,2.6111500000000003,-8.800000000000011,2456,10.0764,10076.4,,85,0.0,29,2017-03-09 08:40:46,Australia/Melbourne
2017-03-09 19:40:54+11:00,-37.88529273122549,144.98017150908709,2.63331,-8.600000000000023,2457,10.112400000000001,10112.4,,85,0.5,29,2017-03-09 08:40:54,Australia/Melbourne
2017-03-09 19:41:02+11:00,-37.88545257411897,144.98032514937222,2.6556599999999997,-8.800000000000011,2456,10.011600000000001,10011.6,,83,0.0,29,2017-03-09 08:41:02,Australia/Melbourne
2017-03-09 19:41:10+11:00,-37.88561627268791,144.98048214241862,2.6784899999999996,-8.199999999999989,2459,10.044,10044.0,,84,0.0,29,2017-03-09 08:41:10,Australia/Melbourne
2017-03-09 19:41:17+11:00,-37.88576505146921,144.98061809688807,2.69893,-8.199999999999989,2459,10.112400000000001,10112.4,,83,0.0,29,2017-03-09 08:41:17,Australia/Melbourne
2017-03-09 19:41:25+11:00,-37.88592397235334,144.980779113248,2.72155,-8.199999999999989,2459,10.112400000000001,10112.4,,85,0.0,28,2017-03-09 08:41:25,Australia/Melbourne
2017-03-09 19:41:33+11:00,-37.8860848210752,144.98093652538955,2.74414,-8.600000000000023,2457,10.177200000000001,10177.2,,83,0.0,28,2017-03-09 08:41:33,Australia/Melbourne
2017-03-09 19:41:41+11:00,-37.88624642416835,144.98109460808337,2.7669200000000003,-8.399999999999977,2458,10.177200000000001,10177.2,,85,0.0,28,2017-03-09 08:41:41,Australia/Melbourne
2017-03-09 19:41:49+11:00,-37.886399226263165,144.98126132413745,2.7894,-8.800000000000011,2456,10.1448,10144.800000000001,,84,0.0,28,2017-03-09 08:41:49,Australia/Melbourne
2017-03-09 19:41:56+11:00,-37.88654834032059,144.98139191418886,2.80959,-8.600000000000023,2457,10.177200000000001,10177.2,,84,0.0,28,2017-03-09 08:41:56,Australia/Melbourne
2017-03-09 19:42:04+11:00,-37.88670491427183,144.98154756613076,2.83172,-8.600000000000023,2457,10.1448,10144.800000000001,,84,0.0,28,2017-03-09 08:42:04,Australia/Melbourne
2017-03-09 19:42:12+11:00,-37.88685578852892,144.98170900158584,2.8536799999999998,-8.399999999999977,2458,10.0764,10076.4,,83,0.0,28,2017-03-09 08:42:12,Australia/Melbourne
2017-03-09 19:42:20+11:00,-37.88700959645212,144.98186440207064,2.87556,-8.600000000000023,2457,10.011600000000001,10011.6,,84,0.0,28,2017-03-09 08:42:20,Australia/Melbourne
2017-03-09 19:42:28+11:00,-37.887164326384664,144.98202349059284,2.8977199999999996,-8.600000000000023,2457,9.943200000000001,9943.2,,83,0.0,28,2017-03-09 08:42:28,Australia/Melbourne
2017-03-09 19:42:36+11:00,-37.88731872104108,144.98217822052538,2.91961,-8.399999999999977,2458,9.8748,9874.800000000001,,83,0.0,28,2017-03-09 08:42:36,Australia/Melbourne
2017-03-09 19:42:44+11:00,-37.88747252896428,144.98233504593372,2.94157,-8.600000000000023,2457,9.9108,9910.800000000001,,83,0.0,28,2017-03-09 08:42:44,Australia/Melbourne
2017-03-09 19:42:52+11:00,-37.887630611658096,144.9824824836105,2.9634099999999997,-8.0,2460,9.8748,9874.800000000001,,81,0.5,28,2017-03-09 08:42:52,Australia/Melbourne
2017-03-09 19:42:59+11:00,-37.88777452893555,144.98262983746827,2.984,-8.399999999999977,2458,10.112400000000001,10112.4,,85,0.0,28,2017-03-09 08:42:59,Australia/Melbourne
2017-03-09 19:43:05+11:00,-37.887889025732875,144.9827554821968,3.00085,-8.199999999999989,2459,10.346400000000001,10346.4,,83,0.0,28,2017-03-09 08:43:05,Australia/Melbourne
2017-03-09 19:43:13+11:00,-37.88804551586509,144.9829047638923,3.02265,-8.399999999999977,2458,10.0764,10076.4,,84,0.0,28,2017-03-09 08:43:13,Australia/Melbourne
2017-03-09 19:43:21+11:00,-37.888207621872425,144.98305035755038,3.04474,-8.199999999999989,2459,9.943200000000001,9943.2,,83,0.0,28,2017-03-09 08:43:21,Australia/Melbourne
2017-03-09 19:43:29+11:00,-37.88835363462567,144.9832095298916,3.06619,-8.199999999999989,2459,9.81,9810.0,,83,0.0,28,2017-03-09 08:43:29,Australia/Melbourne
2017-03-09 19:43:37+11:00,-37.88851087912917,144.9833696242422,3.08867,-8.399999999999977,2458,9.8748,9874.800000000001,,82,0.0,29,2017-03-09 08:43:37,Australia/Melbourne
2017-03-09 19:43:45+11:00,-37.88867482915521,144.9835025612265,3.11029,-8.199999999999989,2459,9.8748,9874.800000000001,,81,0.5,29,2017-03-09 08:43:45,Australia/Melbourne
2017-03-09 19:43:53+11:00,-37.888840790838,144.98363256454468,3.13198,-8.0,2460,9.8424,9842.4,,81,0.5,29,2017-03-09 08:43:53,Australia/Melbourne
2017-03-09 19:43:55+11:00,-37.88887616246939,144.98366391286254,3.13677,-8.0,2460,9.7416,9741.6,,81,0.5,29,2017-03-09 08:43:55,Australia/Melbourne
2017-03-09 19:44:43+11:00,-37.888957634568214,144.98370892368257,3.13677,-7.0,2465,5.04,5040.0,,46,0.0,29,2017-03-09 08:44:43,Australia/Melbourne
2017-03-09 19:44:50+11:00,-37.889071544632316,144.9838128592819,3.15283,-8.0,2460,11.3544,11354.4,,84,0.5,29,2017-03-09 08:44:50,Australia/Melbourne
2017-03-09 19:44:57+11:00,-37.88920607417822,144.98397152870893,3.17334,-8.199999999999989,2459,10.346400000000001,10346.4,,85,0.5,29,2017-03-09 08:44:57,Australia/Melbourne
2017-03-09 19:45:04+11:00,-37.889357870444655,144.98410605825484,3.1939499999999996,-8.199999999999989,2459,10.4796,10479.6,,84,0.0,29,2017-03-09 08:45:04,Australia/Melbourne
2017-03-09 19:45:13+11:00,-37.88953481242061,144.98424503020942,3.21717,-8.399999999999977,2458,9.8424,9842.4,,82,0.0,29,2017-03-09 08:45:13,Australia/Melbourne
2017-03-09 19:45:21+11:00,-37.88970731198788,144.9843842536211,3.2399899999999997,-8.0,2460,9.774,9774.0,,83,0.0,29,2017-03-09 08:45:21,Australia/Melbourne
2017-03-09 19:45:29+11:00,-37.889892887324095,144.98447427526116,3.26209,-8.0,2460,9.9108,9910.800000000001,,84,0.0,29,2017-03-09 08:45:29,Australia/Melbourne
2017-03-09 19:45:37+11:00,-37.89006354287267,144.98459212481976,3.28371,-8.199999999999989,2459,9.8748,9874.800000000001,,84,0.5,29,2017-03-09 08:45:37,Australia/Melbourne
2017-03-09 19:45:45+11:00,-37.89024098776281,144.98471718281507,3.3063000000000002,-8.0,2460,9.943200000000001,9943.2,,84,0.0,29,2017-03-09 08:45:45,Australia/Melbourne
2017-03-09 19:45:53+11:00,-37.89041440933943,144.98482941649854,3.32794,-7.800000000000011,2461,9.8748,9874.800000000001,,84,0.0,29,2017-03-09 08:45:53,Australia/Melbourne
2017-03-09 19:46:01+11:00,-37.890595123171806,144.9849341902882,3.3500799999999997,-8.0,2460,9.8748,9874.800000000001,,83,0.0,29,2017-03-09 08:46:01,Australia/Melbourne
2017-03-09 19:46:08+11:00,-37.890759743750095,144.98502898961306,3.37016,-8.199999999999989,2459,9.943200000000001,9943.2,,85,0.0,29,2017-03-09 08:46:08,Australia/Melbourne
2017-03-09 19:46:16+11:00,-37.89094464853406,144.98512890189886,3.3925,-8.399999999999977,2458,9.9108,9910.800000000001,,84,0.0,29,2017-03-09 08:46:16,Australia/Melbourne
2017-03-09 19:46:24+11:00,-37.8911551181227,144.98524432070553,3.41798,-8.399999999999977,2458,9.9756,9975.6,,84,0.0,29,2017-03-09 08:46:24,Australia/Melbourne
2017-03-09 19:46:33+11:00,-37.89133398793638,144.98535923659801,3.44027,-8.399999999999977,2458,9.9756,9975.6,,84,0.0,29,2017-03-09 08:46:33,Australia/Melbourne
2017-03-09 19:46:41+11:00,-37.89151922799647,144.98544439673424,3.4621500000000003,-8.399999999999977,2458,9.8424,9842.4,,83,0.0,29,2017-03-09 08:46:41,Australia/Melbourne
2017-03-09 19:46:49+11:00,-37.89170312695205,144.98552880249918,3.4839,-8.600000000000023,2457,9.774,9774.0,,84,0.0,29,2017-03-09 08:46:49,Australia/Melbourne
2017-03-09 19:46:57+11:00,-37.89189104922116,144.9856054969132,3.5059099999999996,-8.600000000000023,2457,9.7416,9741.6,,85,0.0,29,2017-03-09 08:46:57,Australia/Melbourne
2017-03-09 19:47:05+11:00,-37.89208467118442,144.98566584661603,3.52806,-8.399999999999977,2458,9.8424,9842.4,,84,0.0,29,2017-03-09 08:47:05,Australia/Melbourne
2017-03-09 19:47:13+11:00,-37.89227896369994,144.98571739532053,3.55011,-8.600000000000023,2457,9.9108,9910.800000000001,,85,0.0,29,2017-03-09 08:47:13,Australia/Melbourne
2017-03-09 19:47:20+11:00,-37.89246277883649,144.98575687408447,3.5708200000000003,-8.199999999999989,2459,9.9756,9975.6,,83,0.0,29,2017-03-09 08:47:20,Australia/Melbourne
2017-03-09 19:47:27+11:00,-37.89264114573598,144.98579383827746,3.5909400000000002,-8.399999999999977,2458,10.0764,10076.4,,85,0.0,29,2017-03-09 08:47:27,Australia/Melbourne
2017-03-09 19:47:35+11:00,-37.892829068005085,144.9858404416591,3.61221,-8.800000000000011,2456,9.8748,9874.800000000001,,84,0.0,29,2017-03-09 08:47:35,Australia/Melbourne
2017-03-09 19:47:43+11:00,-37.893022103235126,144.9858764000237,3.63387,-8.399999999999977,2458,9.81,9810.0,,83,0.0,29,2017-03-09 08:47:43,Australia/Melbourne
2017-03-09 19:47:49+11:00,-37.89315881207585,144.98593037948012,3.6501300000000003,-8.399999999999977,2458,9.8424,9842.4,,84,0.0,29,2017-03-09 08:47:49,Australia/Melbourne
2017-03-09 19:47:56+11:00,-37.89332368411124,144.98601377941668,3.67048,-8.600000000000023,2457,9.943200000000001,9943.2,,84,0.5,29,2017-03-09 08:47:56,Australia/Melbourne
2017-03-09 19:48:04+11:00,-37.893509678542614,144.98601973056793,3.6911300000000002,-7.600000000000023,2462,9.8424,9842.4,,83,0.0,29,2017-03-09 08:48:04,Australia/Melbourne
2017-03-09 19:48:12+11:00,-37.89369793608785,144.98601696453989,3.7120300000000004,-8.199999999999989,2459,9.6732,9673.2,,84,0.0,29,2017-03-09 08:48:12,Australia/Melbourne
2017-03-09 19:48:20+11:00,-37.89389985613525,144.98600330203772,3.73448,-8.199999999999989,2459,9.7416,9741.6,,83,0.0,29,2017-03-09 08:48:20,Australia/Melbourne
2017-03-09 19:48:27+11:00,-37.89408233016729,144.98600103892386,3.75474,-8.399999999999977,2458,9.943200000000001,9943.2,,84,0.0,29,2017-03-09 08:48:27,Australia/Melbourne
2017-03-09 19:48:35+11:00,-37.894278801977634,144.98598854988813,3.77657,-8.399999999999977,2458,9.943200000000001,9943.2,,85,0.0,29,2017-03-09 08:48:35,Australia/Melbourne
2017-03-09 19:48:43+11:00,-37.89446756243706,144.9859826825559,3.79753,-8.199999999999989,2459,9.81,9810.0,,84,0.0,29,2017-03-09 08:48:43,Australia/Melbourne
2017-03-09 19:48:51+11:00,-37.89465908892453,144.9859836883843,3.81886,-8.199999999999989,2459,9.709200000000001,9709.2,,85,0.0,29,2017-03-09 08:48:51,Australia/Melbourne
2017-03-09 19:48:59+11:00,-37.89486167952418,144.9859887175262,3.8414,-8.0,2460,9.81,9810.0,,84,0.0,29,2017-03-09 08:48:59,Australia/Melbourne
2017-03-09 19:49:07+11:00,-37.89506049826741,144.9860017094761,3.8635300000000004,-8.399999999999977,2458,9.8748,9874.800000000001,,84,0.0,29,2017-03-09 08:49:07,Australia/Melbourne
2017-03-09 19:49:14+11:00,-37.89524506777525,144.9860090855509,3.88412,-8.399999999999977,2458,9.943200000000001,9943.2,,83,0.0,29,2017-03-09 08:49:14,Australia/Melbourne
2017-03-09 19:49:22+11:00,-37.8954394441098,144.98606381937861,3.9063000000000003,-8.399999999999977,2458,10.011600000000001,10011.6,,83,0.0,29,2017-03-09 08:49:22,Australia/Melbourne
2017-03-09 19:49:29+11:00,-37.89562099613249,144.98601545579731,3.927,-8.399999999999977,2458,10.112400000000001,10112.4,,84,0.0,29,2017-03-09 08:49:29,Australia/Melbourne
2017-03-09 19:49:37+11:00,-37.89580397307873,144.98599709942937,3.94745,-7.800000000000011,2461,9.774,9774.0,,82,0.0,29,2017-03-09 08:49:37,Australia/Melbourne
2017-03-09 19:49:45+11:00,-37.89600145071745,144.985990813002,3.96937,-8.199999999999989,2459,9.7416,9741.6,,85,0.0,29,2017-03-09 08:49:45,Australia/Melbourne
2017-03-09 19:49:53+11:00,-37.89620345458388,144.98598276637495,3.99181,-8.0,2460,9.81,9810.0,,82,0.0,29,2017-03-09 08:49:53,Australia/Melbourne
2017-03-09 19:49:57+11:00,-37.89629649370909,144.9859813414514,4.00213,-8.199999999999989,2459,9.774,9774.0,,84,0.0,29,2017-03-09 08:49:57,Australia/Melbourne
2017-03-09 19:50:04+11:00,-37.89647779427469,144.98597715049982,4.02226,-8.399999999999977,2458,9.8748,9874.800000000001,,84,0.0,29,2017-03-09 08:50:04,Australia/Melbourne
2017-03-09 19:50:12+11:00,-37.89667828939855,144.98594999313354,4.04469,-9.0,2455,9.9756,9975.6,,85,0.0,29,2017-03-09 08:50:12,Australia/Melbourne
2017-03-09 19:50:19+11:00,-37.89685791358352,144.9859297927469,4.06474,-8.600000000000023,2457,10.044,10044.0,,83,0.0,29,2017-03-09 08:50:19,Australia/Melbourne
2017-03-09 19:50:27+11:00,-37.8970523737371,144.98587765730917,4.08682,-8.399999999999977,2458,10.044,10044.0,,84,0.0,29,2017-03-09 08:50:27,Australia/Melbourne
2017-03-09 19:50:35+11:00,-37.89724976755679,144.98579953797162,4.10979,-8.800000000000011,2456,10.112400000000001,10112.4,,83,0.0,29,2017-03-09 08:50:35,Australia/Melbourne
2017-03-09 19:50:42+11:00,-37.89742226712406,144.98569577001035,4.131,-9.0,2455,10.2132,10213.2,,84,0.0,29,2017-03-09 08:50:42,Australia/Melbourne
2017-03-09 19:50:50+11:00,-37.8975928388536,144.98556073755026,4.15334,-8.800000000000011,2456,10.245600000000001,10245.6,,82,0.0,29,2017-03-09 08:50:50,Australia/Melbourne
2017-03-09 19:50:58+11:00,-37.89776215329766,144.9854342546314,4.175260000000001,-8.600000000000023,2457,10.2132,10213.2,,83,0.0,29,2017-03-09 08:50:58,Australia/Melbourne
2017-03-09 19:50:59+11:00,-37.89777019992471,144.98541614972055,4.177029999999999,-8.600000000000023,2457,10.177200000000001,10177.2,,83,0.0,29,2017-03-09 08:50:59,Australia/Melbourne
2017-03-09 19:51:06+11:00,-37.89760566316545,144.98551187105477,4.19779,-8.600000000000023,2457,10.882800000000001,10882.800000000001,,85,0.5,29,2017-03-09 08:51:06,Australia/Melbourne
2017-03-09 19:51:13+11:00,-37.897435426712036,144.98563843779266,4.219720000000001,-8.800000000000011,2456,10.9512,10951.2,,85,0.0,29,2017-03-09 08:51:13,Australia/Melbourne
2017-03-09 19:51:20+11:00,-37.89726686663926,144.98575251549482,4.241,-8.199999999999989,2459,10.850399999999999,10850.4,,84,0.0,29,2017-03-09 08:51:20,Australia/Melbourne
2017-03-09 19:51:27+11:00,-37.897095791995525,144.98583482578397,4.26136,-8.399999999999977,2458,10.7136,10713.6,,82,0.0,29,2017-03-09 08:51:27,Australia/Melbourne
2017-03-09 19:51:35+11:00,-37.89690837264061,144.98587572947145,4.28247,-8.399999999999977,2458,10.245600000000001,10245.6,,84,0.0,29,2017-03-09 08:51:35,Australia/Melbourne
2017-03-09 19:51:43+11:00,-37.89671055972576,144.98591981828213,4.30477,-8.600000000000023,2457,10.044,10044.0,,83,0.5,29,2017-03-09 08:51:43,Australia/Melbourne
2017-03-09 19:51:51+11:00,-37.89650872349739,144.98594529926777,4.32738,-8.800000000000011,2456,10.177200000000001,10177.2,,85,0.5,29,2017-03-09 08:51:51,Australia/Melbourne
2017-03-09 19:51:59+11:00,-37.896309485659,144.98596323654056,4.34956,-8.600000000000023,2457,10.1448,10144.800000000001,,84,0.0,29,2017-03-09 08:51:59,Australia/Melbourne
2017-03-09 19:52:07+11:00,-37.89610655978322,144.9859625659883,4.37209,-8.399999999999977,2458,10.177200000000001,10177.2,,83,0.0,29,2017-03-09 08:52:07,Australia/Melbourne
2017-03-09 19:52:15+11:00,-37.895920565351844,144.9859580397606,4.39278,-8.199999999999989,2459,9.270000000000001,9270.0,,82,0.5,29,2017-03-09 08:52:15,Australia/Melbourne
2017-03-09 19:52:23+11:00,-37.895721327513456,144.98596910387278,4.41495,-8.399999999999977,2458,10.044,10044.0,,82,0.5,29,2017-03-09 08:52:23,Australia/Melbourne
2017-03-09 19:52:31+11:00,-37.8955205809325,144.98601629398763,4.43783,-8.199999999999989,2459,10.2132,10213.2,,81,0.5,29,2017-03-09 08:52:31,Australia/Melbourne
2017-03-09 19:52:35+11:00,-37.895425613969564,144.98605510219932,4.4489600000000005,-8.600000000000023,2457,10.177200000000001,10177.2,,83,0.0,29,2017-03-09 08:52:35,Australia/Melbourne
2017-03-09 19:52:43+11:00,-37.8952303994447,144.98599274083972,4.47139,-8.800000000000011,2456,10.245600000000001,10245.6,,85,0.0,29,2017-03-09 08:52:43,Australia/Melbourne
2017-03-09 19:52:51+11:00,-37.895027473568916,144.98598117381334,4.49404,-8.199999999999989,2459,10.177200000000001,10177.2,,84,0.0,29,2017-03-09 08:52:51,Australia/Melbourne
2017-03-09 19:52:59+11:00,-37.89482840336859,144.98596323654056,4.51629,-8.199999999999989,2459,10.0764,10076.4,,84,0.0,29,2017-03-09 08:52:59,Australia/Melbourne
2017-03-09 19:53:07+11:00,-37.89463478140533,144.98596524819732,4.53779,-8.600000000000023,2457,9.8424,9842.4,,81,0.5,29,2017-03-09 08:53:07,Australia/Melbourne
2017-03-09 19:53:15+11:00,-37.894430346786976,144.98595192097127,4.56052,-8.600000000000023,2457,10.177200000000001,10177.2,,83,0.0,29,2017-03-09 08:53:15,Australia/Melbourne
2017-03-09 19:53:22+11:00,-37.894247621297836,144.98596818186343,4.58087,-8.600000000000023,2457,10.245600000000001,10245.6,,83,0.0,29,2017-03-09 08:53:22,Australia/Melbourne
2017-03-09 19:53:29+11:00,-37.89405919611454,144.98595971614122,4.60183,-8.600000000000023,2457,10.3788,10378.800000000001,,85,0.0,29,2017-03-09 08:53:29,Australia/Melbourne
2017-03-09 19:53:37+11:00,-37.89386657997966,144.98596910387278,4.623270000000001,-8.199999999999989,2459,9.8748,9874.800000000001,,83,0.0,29,2017-03-09 08:53:37,Australia/Melbourne
2017-03-09 19:53:45+11:00,-37.89366776123643,144.9859826825559,4.645359999999999,-8.600000000000023,2457,9.709200000000001,9709.2,,84,0.0,29,2017-03-09 08:53:45,Australia/Melbourne
2017-03-09 19:53:53+11:00,-37.8934810962528,144.98599148355424,4.6661,-8.399999999999977,2458,9.370800000000001,9370.800000000001,,83,0.0,29,2017-03-09 08:53:53,Australia/Melbourne
2017-03-09 19:54:01+11:00,-37.893278086557984,144.98600053600967,4.688689999999999,-7.800000000000011,2461,9.6408,9640.800000000001,,83,0.0,29,2017-03-09 08:54:01,Australia/Melbourne
2017-03-09 19:54:08+11:00,-37.89313232526183,144.98589215800166,4.7081,-7.600000000000023,2462,9.9108,9910.800000000001,,84,0.0,29,2017-03-09 08:54:08,Australia/Melbourne
2017-03-09 19:54:16+11:00,-37.892934093251824,144.98584077693522,4.73059,-8.0,2460,10.011600000000001,10011.6,,85,0.5,29,2017-03-09 08:54:16,Australia/Melbourne
2017-03-09 19:54:23+11:00,-37.89275497198105,144.98580708168447,4.75069,-8.199999999999989,2459,10.0764,10076.4,,85,0.0,29,2017-03-09 08:54:23,Australia/Melbourne
2017-03-09 19:54:30+11:00,-37.892576437443495,144.98576559126377,4.77086,-7.600000000000023,2462,10.278,10278.0,,84,0.0,29,2017-03-09 08:54:30,Australia/Melbourne
2017-03-09 19:54:37+11:00,-37.89239262230694,144.98573172837496,4.79159,-7.0,2465,10.4148,10414.800000000001,,85,0.0,29,2017-03-09 08:54:37,Australia/Melbourne
2017-03-09 19:54:44+11:00,-37.892211405560374,144.98567020520568,4.81255,-7.199999999999989,2464,10.346400000000001,10346.4,,84,0.0,29,2017-03-09 08:54:44,Australia/Melbourne
2017-03-09 19:54:52+11:00,-37.892017448320985,144.9856203328818,4.83453,-7.399999999999977,2463,10.2132,10213.2,,85,0.0,29,2017-03-09 08:54:52,Australia/Melbourne
2017-03-09 19:55:00+11:00,-37.89183162152767,144.98555017635226,4.85607,-7.399999999999977,2463,10.0764,10076.4,,83,0.0,29,2017-03-09 08:55:00,Australia/Melbourne
2017-03-09 19:55:08+11:00,-37.891639759764075,144.9854688718915,4.878550000000001,-7.399999999999977,2463,10.346400000000001,10346.4,,85,0.5,29,2017-03-09 08:55:08,Australia/Melbourne
2017-03-09 19:55:15+11:00,-37.891472121700644,144.9853827059269,4.898689999999999,-7.199999999999989,2464,10.278,10278.0,,83,0.0,29,2017-03-09 08:55:15,Australia/Melbourne
2017-03-09 19:55:23+11:00,-37.89128654636443,144.98528606258333,4.921,-7.399999999999977,2463,10.314000000000002,10314.0,,83,0.0,29,2017-03-09 08:55:23,Australia/Melbourne
2017-03-09 19:55:31+11:00,-37.891098372638226,144.98518958687782,4.943569999999999,-7.600000000000023,2462,10.245600000000001,10245.6,,84,0.0,29,2017-03-09 08:55:31,Australia/Melbourne
2017-03-09 19:55:38+11:00,-37.89093869738281,144.98507249169052,4.9640699999999995,-7.399999999999977,2463,10.245600000000001,10245.6,,85,0.5,29,2017-03-09 08:55:38,Australia/Melbourne
2017-03-09 19:55:45+11:00,-37.890769550576806,144.984976015985,4.98472,-7.199999999999989,2464,10.1448,10144.800000000001,,84,0.0,29,2017-03-09 08:55:45,Australia/Melbourne
2017-03-09 19:55:51+11:00,-37.89062370546162,144.98489974066615,5.00229,-7.199999999999989,2464,10.2132,10213.2,,85,0.5,29,2017-03-09 08:55:51,Australia/Melbourne
2017-03-09 19:55:52+11:00,-37.890599397942424,144.98488230630755,5.0054,-7.199999999999989,2464,10.2132,10213.2,,85,0.5,29,2017-03-09 08:55:52,Australia/Melbourne
