timestamp,time_in_seconds,position_lat,position_long,distance,enhanced_altitude,altitude,enhanced_speed,speed,heart_rate,cadence,fractional_cadence,temperature,timestamp_utc,timezone
2017-11-30 19:13:32+11:00,69212,-37.668900657445185,144.5557901356369,0.0,162.39999999999995,3312,0.0,0.0,,0,0.0,32,2017-11-30 08:13:32,Australia/Melbourne
2017-11-30 19:13:36+11:00,69216,-37.6689141523093,144.5557330548763,0.00543,162.39999999999995,3312,5.6772,5677.2,,0,0.0,32,2017-11-30 08:13:36,Australia/Melbourne
2017-11-30 19:13:38+11:00,69218,-37.66888992860913,144.55569324083626,0.00997,161.79999999999995,3309,7.794,7794.0,,84,0.0,32,2017-11-30 08:13:38,Australia/Melbourne
2017-11-30 19:13:43+11:00,69223,-37.66877442598343,144.55560908652842,0.02483,162.0,3310,10.2132,10213.2,,84,0.0,32,2017-11-30 08:13:43,Australia/Melbourne
2017-11-30 19:13:51+11:00,69231,-37.66864157281815,144.5557616371661,0.04537,161.60000000000005,3308,9.306,9306.0,,82,0.5,32,2017-11-30 08:13:51,Australia/Melbourne
2017-11-30 19:13:58+11:00,69238,-37.668559849262245,144.55598074011502,0.06697,161.60000000000005,3308,10.1124,10112.4,,82,0.5,32,2017-11-30 08:13:58,Australia/Melbourne
2017-11-30 19:14:03+11:00,69243,-37.668492626398795,144.5561587717384,0.08435,161.39999999999995,3307,10.3464,10346.4,,81,0.5,32,2017-11-30 08:14:03,Australia/Melbourne
2017-11-30 19:14:10+11:00,69250,-37.66840696334839,144.55635800957683,0.10465999999999999,161.39999999999995,3307,10.4472,10447.2,,80,0.5,32,2017-11-30 08:14:10,Australia/Melbourne
2017-11-30 19:14:18+11:00,69258,-37.668220130726695,144.55636027269063,0.12627,161.20000000000005,3306,10.044,10044.0,,81,0.5,32,2017-11-30 08:14:18,Australia/Melbourne
2017-11-30 19:14:26+11:00,69266,-37.668140670284636,144.55614963546395,0.1477,161.0,3305,9.8748,9874.8,,81,0.5,32,2017-11-30 08:14:26,Australia/Melbourne
2017-11-30 19:14:33+11:00,69273,-37.66814905218779,144.55590572208166,0.16913999999999998,160.79999999999995,3304,10.0116,10011.6,,81,0.5,31,2017-11-30 08:14:33,Australia/Melbourne
2017-11-30 19:14:41+11:00,69281,-37.668156009167426,144.55565116368234,0.19196,161.20000000000005,3306,10.044,10044.0,,82,0.5,31,2017-11-30 08:14:41,Australia/Melbourne
2017-11-30 19:14:48+11:00,69288,-37.668116865679615,144.55542309209704,0.21252,161.39999999999995,3307,10.1448,10144.8,,81,0.5,31,2017-11-30 08:14:48,Australia/Melbourne
2017-11-30 19:14:55+11:00,69295,-37.66806925646961,144.55519736744463,0.23309000000000002,161.39999999999995,3307,10.2456,10245.6,,82,0.5,31,2017-11-30 08:14:55,Australia/Melbourne
2017-11-30 19:15:03+11:00,69303,-37.668033884838216,144.55495161004362,0.25517,161.60000000000005,3308,10.1448,10144.8,,82,0.5,31,2017-11-30 08:15:03,Australia/Melbourne
2017-11-30 19:15:11+11:00,69311,-37.668003961443894,144.55470962449908,0.27681,161.79999999999995,3309,10.044,10044.0,,81,0.5,31,2017-11-30 08:15:11,Australia/Melbourne
2017-11-30 19:15:19+11:00,69319,-37.66796942800283,144.5544752664864,0.29783000000000004,161.79999999999995,3309,9.9432,9943.2,,82,0.5,31,2017-11-30 08:15:19,Australia/Melbourne
2017-11-30 19:15:27+11:00,69327,-37.667942019179456,144.5542492903769,0.31801,161.79999999999995,3309,9.774,9774.0,,82,0.0,31,2017-11-30 08:15:27,Australia/Melbourne
2017-11-30 19:15:36+11:00,69336,-37.66790698282421,144.55400177277625,0.34021,161.79999999999995,3309,9.2052,9205.2,,82,0.0,31,2017-11-30 08:15:36,Australia/Melbourne
2017-11-30 19:15:44+11:00,69344,-37.66788250766695,144.55377420410514,0.3605,161.79999999999995,3309,9.4068,9406.8,,82,0.0,31,2017-11-30 08:15:44,Australia/Melbourne
2017-11-30 19:15:52+11:00,69352,-37.66784755513072,144.55353372730318,0.38208000000000003,161.60000000000005,3308,9.6084,9608.4,,83,0.0,31,2017-11-30 08:15:52,Australia/Melbourne
2017-11-30 19:16:00+11:00,69360,-37.667825846001506,144.55328319221738,0.40431999999999996,161.60000000000005,3308,9.7092,9709.2,,83,0.0,31,2017-11-30 08:16:00,Australia/Melbourne
2017-11-30 19:16:05+11:00,69365,-37.667828360572464,144.55312829464677,0.41834,161.60000000000005,3308,9.81,9810.0,,83,0.0,31,2017-11-30 08:16:05,Australia/Melbourne
2017-11-30 19:16:09+11:00,69369,-37.66790069639683,144.5531380176544,0.42717,161.39999999999995,3307,9.6408,9640.8,,82,0.0,31,2017-11-30 08:16:09,Australia/Melbourne
2017-11-30 19:16:16+11:00,69376,-37.66793916933239,144.5533840265125,0.44951,161.60000000000005,3308,10.6128,10612.8,,82,0.0,31,2017-11-30 08:16:16,Australia/Melbourne
2017-11-30 19:16:22+11:00,69382,-37.667892314493656,144.5535891316831,0.46843999999999997,161.79999999999995,3309,11.556,11556.0,,83,0.0,31,2017-11-30 08:16:22,Australia/Melbourne
2017-11-30 19:16:29+11:00,69389,-37.66792005859315,144.55381862819198,0.48896999999999996,161.39999999999995,3307,10.314000000000002,10314.0,,83,0.0,31,2017-11-30 08:16:29,Australia/Melbourne
2017-11-30 19:16:37+11:00,69397,-37.6679576933384,144.55406731925902,0.51131,161.39999999999995,3307,10.1448,10144.8,,82,0.5,31,2017-11-30 08:16:37,Australia/Melbourne
2017-11-30 19:16:45+11:00,69405,-37.668019467964776,144.55429689958692,0.5331199999999999,161.39999999999995,3307,10.0116,10011.6,,82,0.0,31,2017-11-30 08:16:45,Australia/Melbourne
2017-11-30 19:16:52+11:00,69412,-37.668193140998476,144.55432757735252,0.5535800000000001,161.0,3305,10.0764,10076.4,,83,0.0,31,2017-11-30 08:16:52,Australia/Melbourne
2017-11-30 19:17:00+11:00,69420,-37.66838517040014,144.55429656431082,0.57511,161.20000000000005,3306,10.0116,10011.6,,83,0.0,30,2017-11-30 08:17:00,Australia/Melbourne
2017-11-30 19:17:08+11:00,69428,-37.66857912763953,144.55426865257326,0.5967899999999999,161.0,3305,9.9756,9975.6,,82,0.0,30,2017-11-30 08:17:08,Australia/Melbourne
2017-11-30 19:17:14+11:00,69434,-37.66874517314136,144.55426152795553,0.61527,160.20000000000005,3301,10.0764,10076.4,,82,0.0,30,2017-11-30 08:17:14,Australia/Melbourne
2017-11-30 19:17:22+11:00,69442,-37.668931251391776,144.55434610135853,0.6374,160.60000000000005,3303,10.1124,10112.4,,82,0.0,30,2017-11-30 08:17:22,Australia/Melbourne
2017-11-30 19:17:30+11:00,69450,-37.66906963661313,144.55451642163098,0.65896,160.79999999999995,3304,10.044,10044.0,,82,0.0,30,2017-11-30 08:17:30,Australia/Melbourne
2017-11-30 19:17:38+11:00,69458,-37.66917550005019,144.5547189284116,0.68035,160.60000000000005,3303,9.9432,9943.2,,83,0.0,30,2017-11-30 08:17:38,Australia/Melbourne
2017-11-30 19:17:46+11:00,69466,-37.669306257739656,144.5549142267555,0.7030299999999999,160.20000000000005,3301,9.9756,9975.6,,82,0.0,30,2017-11-30 08:17:46,Australia/Melbourne
2017-11-30 19:17:54+11:00,69474,-37.66940801404417,144.55512972548604,0.72527,160.20000000000005,3301,10.0116,10011.6,,83,0.0,30,2017-11-30 08:17:54,Australia/Melbourne
2017-11-30 19:18:01+11:00,69481,-37.6694855466485,144.55533307045695,0.74615,160.39999999999995,3302,10.1448,10144.8,,83,0.0,30,2017-11-30 08:18:01,Australia/Melbourne
2017-11-30 19:18:08+11:00,69488,-37.66967455856503,144.55537439323965,0.7675,160.20000000000005,3301,10.3788,10378.8,,83,0.5,30,2017-11-30 08:18:08,Australia/Melbourne
2017-11-30 19:18:16+11:00,69496,-37.66986289992929,144.5553748961538,0.7884800000000001,160.0,3300,10.314000000000002,10314.0,,85,0.0,30,2017-11-30 08:18:16,Australia/Melbourne
2017-11-30 19:18:23+11:00,69503,-37.67004881054164,144.55537640489638,0.80914,160.0,3300,10.2132,10213.2,,84,0.0,30,2017-11-30 08:18:23,Australia/Melbourne
2017-11-30 19:18:25+11:00,69505,-37.67010002397001,144.5553873013705,0.8149,160.0,3300,10.2456,10245.6,,83,0.0,30,2017-11-30 08:18:25,Australia/Melbourne
2017-11-30 19:18:32+11:00,69512,-37.6702783908695,144.55543264746666,0.8351000000000001,159.39999999999995,3297,10.314000000000002,10314.0,,83,0.0,30,2017-11-30 08:18:32,Australia/Melbourne
2017-11-30 19:18:40+11:00,69520,-37.670458517968655,144.55549500882626,0.85585,159.20000000000005,3296,10.1448,10144.8,,83,0.0,30,2017-11-30 08:18:40,Australia/Melbourne
2017-11-30 19:18:43+11:00,69523,-37.670532446354635,144.5554892253131,0.8645299999999999,159.0,3295,10.1124,10112.4,,83,0.0,30,2017-11-30 08:18:43,Australia/Melbourne
2017-11-30 19:18:45+11:00,69525,-37.670567817986004,144.55541714094582,0.8720800000000001,158.79999999999995,3294,10.1448,10144.8,,82,0.0,30,2017-11-30 08:18:45,Australia/Melbourne
2017-11-30 19:18:47+11:00,69527,-37.670573266223066,144.5553370937705,0.8792399999999999,158.60000000000005,3293,10.277999999999999,10278.0,,81,0.5,30,2017-11-30 08:18:47,Australia/Melbourne
2017-11-30 19:18:55+11:00,69535,-37.670393139123924,144.55524849705395,0.90122,159.0,3295,9.3384,9338.4,,83,0.0,30,2017-11-30 08:18:55,Australia/Melbourne
2017-11-30 19:19:02+11:00,69542,-37.67019641585647,144.55517280846834,0.92406,159.20000000000005,3296,11.185200000000002,11185.2,,83,0.0,30,2017-11-30 08:19:02,Australia/Melbourne
2017-11-30 19:19:06+11:00,69546,-37.67009046860039,144.55515780486166,0.93594,159.60000000000005,3298,10.9152,10915.2,,84,0.0,29,2017-11-30 08:19:06,Australia/Melbourne
2017-11-30 19:19:13+11:00,69553,-37.66991713084281,144.5552498381585,0.95686,159.60000000000005,3298,10.782,10782.0,,83,0.0,29,2017-11-30 08:19:13,Australia/Melbourne
2017-11-30 19:19:21+11:00,69561,-37.66971764154732,144.55529308877882,0.97936,159.60000000000005,3298,10.4472,10447.2,,84,0.0,29,2017-11-30 08:19:21,Australia/Melbourne
2017-11-30 19:19:28+11:00,69568,-37.66953424550593,144.55532091669735,0.9998600000000001,159.60000000000005,3298,10.4796,10479.6,,84,0.0,29,2017-11-30 08:19:28,Australia/Melbourne
2017-11-30 19:19:29+11:00,69569,-37.66950817778706,144.55532577820122,1.00279,159.60000000000005,3298,10.4796,10479.6,,84,0.0,29,2017-11-30 08:19:29,Australia/Melbourne
2017-11-30 19:19:30+11:00,69570,-37.66948361881077,144.55533131025732,1.00555,160.39999999999995,3302,10.4472,10447.2,,84,0.0,29,2017-11-30 08:19:30,Australia/Melbourne
2017-11-30 19:19:38+11:00,69578,-37.66928144730628,144.55536936409771,1.02827,160.79999999999995,3304,10.1772,10177.2,,84,0.0,29,2017-11-30 08:19:38,Australia/Melbourne
2017-11-30 19:19:45+11:00,69585,-37.66909972764552,144.55541563220322,1.0489000000000002,160.79999999999995,3304,10.8828,10882.8,,83,0.0,29,2017-11-30 08:19:45,Australia/Melbourne
2017-11-30 19:19:52+11:00,69592,-37.66893443651498,144.55550959333775,1.06909,161.0,3305,10.4148,10414.8,,84,0.0,29,2017-11-30 08:19:52,Australia/Melbourne
2017-11-30 19:20:00+11:00,69600,-37.66877836547792,144.55565761774778,1.09077,161.0,3305,10.0764,10076.4,,84,0.0,29,2017-11-30 08:20:00,Australia/Melbourne
2017-11-30 19:20:08+11:00,69608,-37.66865867190064,144.55586473457515,1.11353,161.0,3305,10.2456,10245.6,,84,0.0,29,2017-11-30 08:20:08,Australia/Melbourne
2017-11-30 19:20:15+11:00,69615,-37.66857803799211,144.55608316697183,1.13483,161.0,3305,10.4472,10447.2,,84,0.0,29,2017-11-30 08:20:15,Australia/Melbourne
2017-11-30 19:20:22+11:00,69622,-37.66853260807693,144.55631350167099,1.15581,161.0,3305,10.5804,10580.4,,84,0.0,29,2017-11-30 08:20:22,Australia/Melbourne
2017-11-30 19:20:29+11:00,69629,-37.668524477630854,144.5565443392843,1.1762,161.20000000000005,3306,10.548,10548.0,,84,0.0,29,2017-11-30 08:20:29,Australia/Melbourne
2017-11-30 19:20:36+11:00,69636,-37.66858834773303,144.55677526071668,1.19825,161.20000000000005,3306,10.6488,10648.8,,84,0.0,29,2017-11-30 08:20:36,Australia/Melbourne
2017-11-30 19:20:43+11:00,69643,-37.668632101267576,144.55700794234872,1.21949,161.20000000000005,3306,10.7136,10713.6,,83,0.0,29,2017-11-30 08:20:43,Australia/Melbourne
2017-11-30 19:20:45+11:00,69645,-37.668643752112985,144.5570697169751,1.2251,161.39999999999995,3307,10.6812,10681.2,,83,0.0,29,2017-11-30 08:20:45,Australia/Melbourne
2017-11-30 19:20:52+11:00,69652,-37.668669568374746,144.55729460343719,1.2451500000000002,161.39999999999995,3307,10.6488,10648.8,,84,0.0,29,2017-11-30 08:20:52,Australia/Melbourne
2017-11-30 19:21:00+11:00,69660,-37.668699156492956,144.5575438812375,1.26742,161.39999999999995,3307,10.4148,10414.8,,83,0.0,29,2017-11-30 08:21:00,Australia/Melbourne
2017-11-30 19:21:08+11:00,69668,-37.66873754560947,144.55779433250427,1.28993,161.20000000000005,3306,10.277999999999999,10278.0,,83,0.0,29,2017-11-30 08:21:08,Australia/Melbourne
2017-11-30 19:21:14+11:00,69674,-37.66874735243619,144.5579794887453,1.30636,161.0,3305,9.7416,9741.6,,83,0.0,29,2017-11-30 08:21:14,Australia/Melbourne
2017-11-30 19:21:22+11:00,69682,-37.668555406853564,144.55805995501578,1.3291400000000002,161.20000000000005,3306,10.2132,10213.2,,84,0.0,29,2017-11-30 08:21:22,Australia/Melbourne
2017-11-30 19:21:29+11:00,69689,-37.6683665625751,144.55808342434466,1.3502,162.20000000000005,3311,10.548,10548.0,,84,0.0,29,2017-11-30 08:21:29,Australia/Melbourne
2017-11-30 19:21:30+11:00,69690,-37.66833999194205,144.55808443017304,1.35315,162.39999999999995,3312,10.548,10548.0,,84,0.0,29,2017-11-30 08:21:30,Australia/Melbourne
2017-11-30 19:21:38+11:00,69698,-37.66813446767628,144.55811619758606,1.37617,162.20000000000005,3311,10.5804,10580.4,,82,0.0,29,2017-11-30 08:21:38,Australia/Melbourne
2017-11-30 19:21:45+11:00,69705,-37.66795123927295,144.55814369022846,1.39666,162.20000000000005,3311,10.6128,10612.8,,83,0.0,29,2017-11-30 08:21:45,Australia/Melbourne
2017-11-30 19:21:51+11:00,69711,-37.66781260259449,144.55819993279874,1.41328,162.39999999999995,3312,10.4148,10414.8,,83,0.0,29,2017-11-30 08:21:51,Australia/Melbourne
2017-11-30 19:21:58+11:00,69718,-37.667669104412205,144.55835122615102,1.43452,162.39999999999995,3312,10.548,10548.0,,84,0.0,29,2017-11-30 08:21:58,Australia/Melbourne
2017-11-30 19:22:01+11:00,69721,-37.667615879327066,144.55842649564147,1.44355,162.20000000000005,3311,10.5804,10580.4,,84,0.0,29,2017-11-30 08:22:01,Australia/Melbourne
2017-11-30 19:22:08+11:00,69728,-37.66763859428466,144.55866412259638,1.4648700000000001,162.0,3310,10.6812,10681.2,,85,0.0,29,2017-11-30 08:22:08,Australia/Melbourne
2017-11-30 19:22:15+11:00,69735,-37.66766415908933,144.55889688804746,1.4855999999999998,161.79999999999995,3309,10.6128,10612.8,,83,0.5,29,2017-11-30 08:22:15,Australia/Melbourne
2017-11-30 19:22:23+11:00,69743,-37.66769374720752,144.55914692021906,1.5078900000000002,162.39999999999995,3312,10.4472,10447.2,,84,0.0,29,2017-11-30 08:22:23,Australia/Melbourne
2017-11-30 19:22:30+11:00,69750,-37.66772392205893,144.5593803562224,1.52881,162.39999999999995,3312,10.4472,10447.2,,85,0.0,29,2017-11-30 08:22:30,Australia/Melbourne
2017-11-30 19:22:37+11:00,69757,-37.66777052544058,144.55960574559867,1.54939,162.20000000000005,3311,10.4148,10414.8,,85,0.0,29,2017-11-30 08:22:37,Australia/Melbourne
2017-11-30 19:22:44+11:00,69764,-37.66779717989265,144.5598372537643,1.57003,162.20000000000005,3311,10.4796,10479.6,,85,0.0,29,2017-11-30 08:22:44,Australia/Melbourne
2017-11-30 19:22:51+11:00,69771,-37.667821822687976,144.56007027067244,1.5907799999999999,162.60000000000005,3313,10.548,10548.0,,84,0.0,29,2017-11-30 08:22:51,Australia/Melbourne
2017-11-30 19:22:58+11:00,69778,-37.66784302890301,144.56029834225774,1.61104,162.79999999999995,3314,10.5156,10515.6,,84,0.0,29,2017-11-30 08:22:58,Australia/Melbourne
2017-11-30 19:23:06+11:00,69786,-37.667873622849584,144.56055415794253,1.6338700000000002,162.79999999999995,3314,10.3464,10346.4,,84,0.0,29,2017-11-30 08:23:06,Australia/Melbourne
2017-11-30 19:23:13+11:00,69793,-37.66789566725493,144.56078113988042,1.6540899999999998,162.79999999999995,3314,10.3788,10378.8,,84,0.0,29,2017-11-30 08:23:13,Australia/Melbourne
2017-11-30 19:23:20+11:00,69800,-37.66792877577245,144.56100502051413,1.67418,163.0,3315,10.3788,10378.8,,84,0.0,29,2017-11-30 08:23:20,Australia/Melbourne
2017-11-30 19:23:27+11:00,69807,-37.66796146519482,144.56123862415555,1.69513,162.79999999999995,3314,10.4796,10479.6,,84,0.0,29,2017-11-30 08:23:27,Australia/Melbourne
2017-11-30 19:23:34+11:00,69814,-37.66799440607429,144.56147373653945,1.7162,163.0,3315,10.5804,10580.4,,84,0.0,29,2017-11-30 08:23:34,Australia/Melbourne
2017-11-30 19:23:41+11:00,69821,-37.66801343299449,144.56170482560992,1.7367099999999998,163.0,3315,10.548,10548.0,,84,0.0,29,2017-11-30 08:23:41,Australia/Melbourne
2017-11-30 19:23:47+11:00,69827,-37.668003207072616,144.56187740899622,1.75265,163.20000000000005,3316,10.314000000000002,10314.0,,84,0.0,29,2017-11-30 08:23:47,Australia/Melbourne
2017-11-30 19:23:54+11:00,69834,-37.66782299615443,144.5619130320847,1.77321,163.39999999999995,3317,10.3464,10346.4,,85,0.0,29,2017-11-30 08:23:54,Australia/Melbourne
2017-11-30 19:23:55+11:00,69835,-37.667797850444906,144.56191604956985,1.7760099999999999,163.39999999999995,3317,10.3788,10378.8,,85,0.0,29,2017-11-30 08:23:55,Australia/Melbourne
2017-11-30 19:24:02+11:00,69842,-37.667612861841924,144.56194119527936,1.79666,163.39999999999995,3317,10.4796,10479.6,,84,0.0,29,2017-11-30 08:24:02,Australia/Melbourne
2017-11-30 19:24:10+11:00,69850,-37.66740691848099,144.56197950057683,1.81977,163.39999999999995,3317,10.4148,10414.8,,84,0.0,29,2017-11-30 08:24:10,Australia/Melbourne
2017-11-30 19:24:15+11:00,69855,-37.66729979775846,144.561897944659,1.8349900000000001,163.39999999999995,3317,10.5156,10515.6,,85,0.0,29,2017-11-30 08:24:15,Australia/Melbourne
2017-11-30 19:24:22+11:00,69862,-37.66728739254177,144.56166341900826,1.85572,163.39999999999995,3317,10.548,10548.0,,85,0.0,29,2017-11-30 08:24:22,Australia/Melbourne
2017-11-30 19:24:29+11:00,69869,-37.66728278249502,144.5614336710423,1.876,163.39999999999995,3317,10.4472,10447.2,,85,0.0,29,2017-11-30 08:24:29,Australia/Melbourne
2017-11-30 19:24:36+11:00,69876,-37.66725252382457,144.56119637936354,1.89722,163.39999999999995,3317,10.5156,10515.6,,85,0.0,29,2017-11-30 08:24:36,Australia/Melbourne
2017-11-30 19:24:43+11:00,69883,-37.66721623018385,144.5609580818564,1.91868,163.20000000000005,3316,10.6128,10612.8,,85,0.0,29,2017-11-30 08:24:43,Australia/Melbourne
2017-11-30 19:24:50+11:00,69890,-37.66718588769436,144.56073277629915,1.93883,163.0,3315,10.5804,10580.4,,85,0.0,29,2017-11-30 08:24:50,Australia/Melbourne
2017-11-30 19:24:54+11:00,69894,-37.66713081859052,144.56061526201663,1.95173,163.39999999999995,3317,10.7496,10749.6,,84,0.0,29,2017-11-30 08:24:54,Australia/Melbourne
2017-11-30 19:25:01+11:00,69901,-37.66692982055247,144.560595145449,1.97429,163.20000000000005,3316,10.9152,10915.2,,85,0.0,29,2017-11-30 08:25:01,Australia/Melbourne
2017-11-30 19:25:08+11:00,69908,-37.66674290411174,144.56063286401331,1.9952900000000002,163.60000000000005,3318,10.8504,10850.4,,83,0.0,29,2017-11-30 08:25:08,Australia/Melbourne
2017-11-30 19:25:10+11:00,69910,-37.666688086465,144.56064560450613,2.00148,163.60000000000005,3318,10.8504,10850.4,,85,0.0,29,2017-11-30 08:25:10,Australia/Melbourne
2017-11-30 19:25:16+11:00,69916,-37.666525477543466,144.56065683625636,2.01968,163.60000000000005,3318,10.3464,10346.4,,85,0.0,29,2017-11-30 08:25:16,Australia/Melbourne
2017-11-30 19:25:23+11:00,69923,-37.66645599156618,144.56043236888945,2.04197,164.0,3320,11.2176,11217.6,,85,0.5,29,2017-11-30 08:25:23,Australia/Melbourne
2017-11-30 19:25:30+11:00,69930,-37.66642355360091,144.56019985489547,2.06283,163.79999999999995,3319,11.0844,11084.4,,84,0.0,29,2017-11-30 08:25:30,Australia/Melbourne
2017-11-30 19:25:38+11:00,69938,-37.666421374306076,144.55994102172554,2.0857099999999997,163.20000000000005,3316,10.6812,10681.2,,85,0.0,29,2017-11-30 08:25:38,Australia/Melbourne
2017-11-30 19:25:45+11:00,69945,-37.66640083864331,144.5597049035132,2.1066700000000003,163.39999999999995,3317,10.6488,10648.8,,85,0.0,29,2017-11-30 08:25:45,Australia/Melbourne
2017-11-30 19:25:52+11:00,69952,-37.66637829132378,144.55947582609954,2.12704,163.0,3315,10.6128,10612.8,,85,0.0,29,2017-11-30 08:25:52,Australia/Melbourne
2017-11-30 19:26:00+11:00,69960,-37.666353480890386,144.55922034569085,2.14977,162.79999999999995,3314,10.3788,10378.8,,85,0.0,29,2017-11-30 08:26:00,Australia/Melbourne
2017-11-30 19:26:06+11:00,69966,-37.66632783226669,144.559017252177,2.1679,162.39999999999995,3312,10.5156,10515.6,,85,0.0,29,2017-11-30 08:26:06,Australia/Melbourne
2017-11-30 19:26:13+11:00,69973,-37.66629438847304,144.5587762724608,2.18949,162.20000000000005,3311,10.7136,10713.6,,85,0.0,29,2017-11-30 08:26:13,Australia/Melbourne
2017-11-30 19:26:20+11:00,69980,-37.66633428633213,144.55857586115602,2.20955,161.79999999999995,3309,10.7496,10749.6,,85,0.0,29,2017-11-30 08:26:20,Australia/Melbourne
2017-11-30 19:26:26+11:00,69986,-37.66649723052978,144.5585642941296,2.22769,161.39999999999995,3307,10.7496,10749.6,,85,0.5,29,2017-11-30 08:26:26,Australia/Melbourne
2017-11-30 19:26:33+11:00,69993,-37.666681967675686,144.55855138599873,2.24822,161.20000000000005,3306,10.7136,10713.6,,85,0.5,29,2017-11-30 08:26:33,Australia/Melbourne
2017-11-30 19:26:40+11:00,70000,-37.66686737537385,144.55853453837338,2.2688599999999997,161.20000000000005,3306,10.7136,10713.6,,85,0.0,29,2017-11-30 08:26:40,Australia/Melbourne
2017-11-30 19:26:47+11:00,70007,-37.66704523935914,144.55849028192458,2.28908,161.20000000000005,3306,10.6488,10648.8,,85,0.0,29,2017-11-30 08:26:47,Australia/Melbourne
2017-11-30 19:26:54+11:00,70014,-37.66722830012441,144.55846915952858,2.3096099999999997,160.39999999999995,3302,10.6488,10648.8,,85,0.0,29,2017-11-30 08:26:54,Australia/Melbourne
2017-11-30 19:27:01+11:00,70021,-37.66741077415645,144.55842783674598,2.3302400000000003,160.39999999999995,3302,10.6128,10612.8,,85,0.0,29,2017-11-30 08:27:01,Australia/Melbourne
2017-11-30 19:27:08+11:00,70028,-37.66760892234743,144.55839850008488,2.35238,159.79999999999995,3299,10.7496,10749.6,,85,0.0,29,2017-11-30 08:27:08,Australia/Melbourne
2017-11-30 19:27:15+11:00,70035,-37.667798772454255,144.55835357308388,2.37385,160.20000000000005,3301,10.8144,10814.4,,85,0.5,29,2017-11-30 08:27:15,Australia/Melbourne
2017-11-30 19:27:22+11:00,70042,-37.66798996366561,144.55831300467253,2.39537,160.0,3300,10.9512,10951.2,,85,0.0,29,2017-11-30 08:27:22,Australia/Melbourne
2017-11-30 19:27:29+11:00,70049,-37.66817268915474,144.55827495083213,2.4159200000000003,159.60000000000005,3298,10.9512,10951.2,,85,0.5,29,2017-11-30 08:27:29,Australia/Melbourne
2017-11-30 19:27:32+11:00,70052,-37.668242510408156,144.5582596119493,2.4237800000000003,159.20000000000005,3296,10.7496,10749.6,,85,0.5,29,2017-11-30 08:27:32,Australia/Melbourne
2017-11-30 19:27:39+11:00,70059,-37.66843118704856,144.5582658983767,2.44522,159.60000000000005,3298,11.52,11520.0,,85,0.5,29,2017-11-30 08:27:39,Australia/Melbourne
2017-11-30 19:27:46+11:00,70066,-37.66860980540514,144.55826489254832,2.46543,159.60000000000005,3298,10.6128,10612.8,,85,0.0,29,2017-11-30 08:27:46,Australia/Melbourne
2017-11-30 19:27:55+11:00,70075,-37.66879915259778,144.55824754200873,2.48653,158.79999999999995,3294,9.1044,9104.4,,85,0.5,29,2017-11-30 08:27:55,Australia/Melbourne
2017-11-30 19:28:01+11:00,70081,-37.66898045316338,144.5582050457597,2.50699,158.60000000000005,3293,11.0844,11084.4,,85,0.0,29,2017-11-30 08:28:01,Australia/Melbourne
2017-11-30 19:28:08+11:00,70088,-37.66916854307056,144.55817026086154,2.52809,159.20000000000005,3296,10.7136,10713.6,,83,0.0,29,2017-11-30 08:28:08,Australia/Melbourne
2017-11-30 19:28:15+11:00,70095,-37.669360237196095,144.5581412594765,2.5495200000000002,158.60000000000005,3293,10.8828,10882.8,,85,0.0,29,2017-11-30 08:28:15,Australia/Melbourne
2017-11-30 19:28:23+11:00,70103,-37.66955729573965,144.5580951590091,2.57186,158.60000000000005,3293,10.4796,10479.6,,84,0.0,29,2017-11-30 08:28:23,Australia/Melbourne
2017-11-30 19:28:30+11:00,70110,-37.66974303871393,144.55803891643882,2.59309,158.60000000000005,3293,10.4472,10447.2,,85,0.5,29,2017-11-30 08:28:30,Australia/Melbourne
2017-11-30 19:28:34+11:00,70114,-37.66985602676869,144.5579963363707,2.60618,158.20000000000005,3291,10.6812,10681.2,,85,0.0,29,2017-11-30 08:28:34,Australia/Melbourne
2017-11-30 19:28:41+11:00,70121,-37.6700473856181,144.55790312960744,2.62898,158.20000000000005,3291,10.9152,10915.2,,85,0.0,29,2017-11-30 08:28:41,Australia/Melbourne
2017-11-30 19:28:49+11:00,70129,-37.670218795537956,144.55778536386788,2.65069,158.39999999999995,3292,10.6812,10681.2,,85,0.0,29,2017-11-30 08:28:49,Australia/Melbourne
2017-11-30 19:28:53+11:00,70133,-37.67030831426382,144.55773691646758,2.66157,158.20000000000005,3291,10.548,10548.0,,84,0.0,29,2017-11-30 08:28:53,Australia/Melbourne
2017-11-30 19:29:00+11:00,70140,-37.6704715937376,144.55788167193532,2.68431,158.0,3290,10.6128,10612.8,,85,0.5,29,2017-11-30 08:29:00,Australia/Melbourne
2017-11-30 19:29:07+11:00,70147,-37.670610398054116,144.55804394558072,2.70535,157.60000000000005,3288,10.6812,10681.2,,86,0.0,29,2017-11-30 08:29:07,Australia/Melbourne
2017-11-30 19:29:14+11:00,70154,-37.67074367031454,144.55821049399677,2.72622,157.39999999999995,3287,10.7136,10713.6,,85,0.5,29,2017-11-30 08:29:14,Australia/Melbourne
2017-11-30 19:29:21+11:00,70161,-37.67087903805078,144.5583853404969,2.74777,157.39999999999995,3287,10.782,10782.0,,85,0.5,29,2017-11-30 08:29:21,Australia/Melbourne
2017-11-30 19:29:28+11:00,70168,-37.67099915072322,144.55857678316534,2.7692799999999997,157.39999999999995,3287,10.9836,10983.6,,85,0.5,29,2017-11-30 08:29:28,Australia/Melbourne
2017-11-30 19:29:31+11:00,70171,-37.671039216220386,144.55865724943578,2.77767,157.20000000000005,3286,10.8828,10882.8,,85,0.0,29,2017-11-30 08:29:31,Australia/Melbourne
2017-11-30 19:29:38+11:00,70178,-37.671126890927546,144.55885598435998,2.79785,157.60000000000005,3288,10.8144,10814.4,,85,0.5,29,2017-11-30 08:29:38,Australia/Melbourne
2017-11-30 19:29:45+11:00,70185,-37.67118045128882,144.55908531323075,2.81895,157.60000000000005,3288,10.8504,10850.4,,85,0.5,29,2017-11-30 08:29:45,Australia/Melbourne
2017-11-30 19:29:52+11:00,70192,-37.67122152261436,144.55931900069118,2.8400700000000003,157.39999999999995,3287,10.8504,10850.4,,86,0.0,29,2017-11-30 08:29:52,Australia/Melbourne
2017-11-30 19:29:59+11:00,70199,-37.67123979516328,144.55955319106582,2.86084,157.39999999999995,3287,10.8504,10850.4,,85,0.0,29,2017-11-30 08:29:59,Australia/Melbourne
2017-11-30 19:30:06+11:00,70206,-37.67126368358731,144.55979014746842,2.88194,157.60000000000005,3288,10.9152,10915.2,,85,0.0,29,2017-11-30 08:30:06,Australia/Melbourne
2017-11-30 19:30:13+11:00,70213,-37.67129142768681,144.5600239187479,2.9028099999999997,157.20000000000005,3286,10.8828,10882.8,,85,0.0,29,2017-11-30 08:30:13,Australia/Melbourne
2017-11-30 19:30:20+11:00,70220,-37.67130475491285,144.56025484018028,2.92322,157.60000000000005,3288,10.8828,10882.8,,85,0.5,29,2017-11-30 08:30:20,Australia/Melbourne
2017-11-30 19:30:27+11:00,70227,-37.67130701802671,144.5604833308607,2.94339,157.20000000000005,3286,10.782,10782.0,,85,0.5,29,2017-11-30 08:30:27,Australia/Melbourne
2017-11-30 19:30:34+11:00,70234,-37.67129804939032,144.5607171021402,2.9640400000000002,157.39999999999995,3287,10.7496,10749.6,,85,0.5,29,2017-11-30 08:30:34,Australia/Melbourne
2017-11-30 19:30:41+11:00,70241,-37.67125974409282,144.56095146015286,2.98521,157.39999999999995,3287,10.782,10782.0,,85,0.0,29,2017-11-30 08:30:41,Australia/Melbourne
2017-11-30 19:30:46+11:00,70246,-37.671259995549924,144.56113460473713,3.00145,157.39999999999995,3287,10.9152,10915.2,,84,0.0,29,2017-11-30 08:30:46,Australia/Melbourne
2017-11-30 19:30:53+11:00,70253,-37.671329146251075,144.56135102547702,3.02209,157.20000000000005,3286,10.8144,10814.4,,85,0.0,29,2017-11-30 08:30:53,Australia/Melbourne
2017-11-30 19:31:01+11:00,70261,-37.67141019925475,144.56158379092813,3.04452,157.0,3285,10.3464,10346.4,,85,0.0,29,2017-11-30 08:31:01,Australia/Melbourne
2017-11-30 19:31:08+11:00,70268,-37.671455461531885,144.56182334572074,3.0662800000000003,157.0,3285,10.6128,10612.8,,85,0.5,29,2017-11-30 08:31:08,Australia/Melbourne
2017-11-30 19:31:16+11:00,70276,-37.67149158753455,144.5620787423104,3.08918,157.20000000000005,3286,10.5804,10580.4,,85,0.0,29,2017-11-30 08:31:16,Australia/Melbourne
2017-11-30 19:31:23+11:00,70283,-37.671631313860416,144.56218980252746,3.11045,156.39999999999995,3282,10.6812,10681.2,,85,0.5,29,2017-11-30 08:31:23,Australia/Melbourne
2017-11-30 19:31:24+11:00,70284,-37.67164908349514,144.56216499209404,3.1133900000000003,156.39999999999995,3282,10.6812,10681.2,,85,0.5,29,2017-11-30 08:31:24,Australia/Melbourne
2017-11-30 19:31:31+11:00,70291,-37.671632822602994,144.56191202625632,3.13604,157.0,3285,10.8504,10850.4,,84,0.0,29,2017-11-30 08:31:31,Australia/Melbourne
2017-11-30 19:31:38+11:00,70298,-37.6716027315706,144.5616717170924,3.15748,157.20000000000005,3286,10.8828,10882.8,,85,0.0,29,2017-11-30 08:31:38,Australia/Melbourne
2017-11-30 19:31:45+11:00,70305,-37.67157616093755,144.56144213676453,3.17794,157.39999999999995,3287,10.8144,10814.4,,85,0.0,29,2017-11-30 08:31:45,Australia/Melbourne
2017-11-30 19:31:52+11:00,70312,-37.671558810397975,144.56120979040858,3.19854,157.20000000000005,3286,10.7136,10713.6,,85,0.0,29,2017-11-30 08:31:52,Australia/Melbourne
2017-11-30 19:31:59+11:00,70319,-37.67156073823571,144.5609692297876,3.2199,157.0,3285,10.7496,10749.6,,85,0.0,29,2017-11-30 08:31:59,Australia/Melbourne
2017-11-30 19:32:06+11:00,70326,-37.671512542292476,144.56074442714453,3.2405500000000003,157.20000000000005,3286,10.6812,10681.2,,85,0.5,29,2017-11-30 08:32:06,Australia/Melbourne
2017-11-30 19:32:13+11:00,70333,-37.67150818370283,144.5605060458183,3.2616,157.60000000000005,3288,10.7136,10713.6,,85,0.5,29,2017-11-30 08:32:13,Australia/Melbourne
2017-11-30 19:32:20+11:00,70340,-37.67150575295091,144.56027353182438,3.28212,157.60000000000005,3288,10.7136,10713.6,,85,0.0,29,2017-11-30 08:32:20,Australia/Melbourne
2017-11-30 19:32:27+11:00,70347,-37.67150005325675,144.56004227511585,3.3025300000000004,157.39999999999995,3287,10.6812,10681.2,,84,0.0,29,2017-11-30 08:32:27,Australia/Melbourne
2017-11-30 19:32:34+11:00,70354,-37.671481026336544,144.5598066598177,3.32346,157.79999999999995,3289,10.6488,10648.8,,85,0.0,29,2017-11-30 08:32:34,Australia/Melbourne
2017-11-30 19:32:41+11:00,70361,-37.67144775018096,144.55957246944308,3.34445,157.79999999999995,3289,10.7136,10713.6,,85,0.0,29,2017-11-30 08:32:41,Australia/Melbourne
2017-11-30 19:32:48+11:00,70368,-37.671417826786644,144.5593269634992,3.36637,157.79999999999995,3289,10.782,10782.0,,85,0.0,29,2017-11-30 08:32:48,Australia/Melbourne
2017-11-30 19:32:55+11:00,70375,-37.671385305002325,144.55909931100902,3.3868099999999997,157.79999999999995,3289,10.8144,10814.4,,86,0.5,29,2017-11-30 08:32:55,Australia/Melbourne
2017-11-30 19:33:02+11:00,70382,-37.671339539811015,144.5588758494705,3.40719,157.79999999999995,3289,10.7496,10749.6,,85,0.0,29,2017-11-30 08:33:02,Australia/Melbourne
2017-11-30 19:33:09+11:00,70389,-37.67127726227046,144.55865398049357,3.4279599999999997,158.20000000000005,3291,10.6812,10681.2,,85,0.0,29,2017-11-30 08:33:09,Australia/Melbourne
2017-11-30 19:33:16+11:00,70396,-37.671186150982976,144.5584514737129,3.4485099999999997,158.0,3290,10.6812,10681.2,,87,0.0,29,2017-11-30 08:33:16,Australia/Melbourne
2017-11-30 19:33:22+11:00,70402,-37.67108766362071,144.5582537446171,3.4691,158.20000000000005,3291,10.8504,10850.4,,86,0.0,29,2017-11-30 08:33:22,Australia/Melbourne
2017-11-30 19:33:29+11:00,70409,-37.67094030976296,144.5580716058612,3.4920500000000003,158.20000000000005,3291,11.052,11052.0,,85,0.0,29,2017-11-30 08:33:29,Australia/Melbourne
2017-11-30 19:33:36+11:00,70416,-37.67079932615161,144.55790991894898,3.51323,158.0,3290,11.0844,11084.4,,85,0.5,29,2017-11-30 08:33:36,Australia/Melbourne
2017-11-30 19:33:38+11:00,70418,-37.670757081359625,144.55787295475602,3.5189199999999996,158.39999999999995,3292,10.9836,10983.6,,85,0.0,29,2017-11-30 08:33:38,Australia/Melbourne
2017-11-30 19:33:45+11:00,70425,-37.67061090096831,144.55770439468324,3.54095,158.60000000000005,3293,11.015999999999998,11016.0,,86,0.0,29,2017-11-30 08:33:45,Australia/Melbourne
2017-11-30 19:33:52+11:00,70432,-37.67052372917533,144.5574987027794,3.5620199999999995,158.60000000000005,3293,11.052,11052.0,,86,0.0,29,2017-11-30 08:33:52,Australia/Melbourne
2017-11-30 19:33:59+11:00,70439,-37.670425660908215,144.55731228925288,3.58229,158.20000000000005,3291,10.9152,10915.2,,85,0.5,29,2017-11-30 08:33:59,Australia/Melbourne
2017-11-30 19:34:06+11:00,70446,-37.67034318298101,144.5571024902165,3.6032699999999998,158.20000000000005,3291,10.9152,10915.2,,85,0.5,29,2017-11-30 08:34:06,Australia/Melbourne
2017-11-30 19:34:13+11:00,70453,-37.67031627707184,144.5568728260696,3.6238,158.79999999999995,3294,10.8504,10850.4,,87,0.0,29,2017-11-30 08:34:13,Australia/Melbourne
2017-11-30 19:34:21+11:00,70461,-37.670317869633436,144.55661709420383,3.6463900000000002,158.20000000000005,3291,10.7136,10713.6,,86,0.5,29,2017-11-30 08:34:21,Australia/Melbourne
2017-11-30 19:34:28+11:00,70468,-37.67036589793861,144.55639438703656,3.6667699999999996,158.0,3290,10.6488,10648.8,,85,0.5,29,2017-11-30 08:34:28,Australia/Melbourne
2017-11-30 19:34:36+11:00,70476,-37.67044326290488,144.55615575425327,3.68957,157.79999999999995,3289,10.5804,10580.4,,85,0.5,29,2017-11-30 08:34:36,Australia/Melbourne
2017-11-30 19:34:43+11:00,70483,-37.670539990067475,144.55594000406563,3.71144,157.60000000000005,3288,10.7136,10713.6,,85,0.5,29,2017-11-30 08:34:43,Australia/Melbourne
2017-11-30 19:34:50+11:00,70490,-37.670612744987004,144.55573188140988,3.7315,158.0,3290,10.6128,10612.8,,85,0.5,29,2017-11-30 08:34:50,Australia/Melbourne
2017-11-30 19:34:57+11:00,70497,-37.6706824824214,144.55550766550002,3.75279,158.20000000000005,3291,10.6488,10648.8,,85,0.5,29,2017-11-30 08:34:57,Australia/Melbourne
2017-11-30 19:35:04+11:00,70504,-37.670721122995026,144.55526760779318,3.7744199999999997,158.20000000000005,3291,10.7496,10749.6,,85,0.0,29,2017-11-30 08:35:04,Australia/Melbourne
2017-11-30 19:35:11+11:00,70511,-37.67074710689485,144.55503618344662,3.79505,158.0,3290,10.7136,10713.6,,86,0.0,29,2017-11-30 08:35:11,Australia/Melbourne
2017-11-30 19:35:18+11:00,70518,-37.670773928985,144.55478212796154,3.81768,158.20000000000005,3291,10.8144,10814.4,,84,0.0,29,2017-11-30 08:35:18,Australia/Melbourne
2017-11-30 19:35:25+11:00,70525,-37.67077434808016,144.5545413158834,3.83895,158.0,3290,10.9152,10915.2,,85,0.0,29,2017-11-30 08:35:25,Australia/Melbourne
2017-11-30 19:35:33+11:00,70533,-37.670760350301855,144.55431500449777,3.85897,158.39999999999995,3292,10.6488,10648.8,,85,0.0,29,2017-11-30 08:35:33,Australia/Melbourne
2017-11-30 19:35:40+11:00,70540,-37.670741910114884,144.5540648046881,3.8811699999999996,158.20000000000005,3291,10.6488,10648.8,,85,0.5,29,2017-11-30 08:35:40,Australia/Melbourne
2017-11-30 19:35:46+11:00,70546,-37.670714249834425,144.55383472144604,3.9016900000000003,158.39999999999995,3292,10.8828,10882.8,,85,0.5,29,2017-11-30 08:35:46,Australia/Melbourne
2017-11-30 19:35:53+11:00,70553,-37.670691451057785,144.55359986051917,3.92256,158.0,3290,10.9152,10915.2,,85,0.0,29,2017-11-30 08:35:53,Australia/Melbourne
2017-11-30 19:36:00+11:00,70560,-37.67066379077733,144.55336667597294,3.9433599999999998,158.0,3290,10.8504,10850.4,,84,0.5,29,2017-11-30 08:36:00,Australia/Melbourne
2017-11-30 19:36:07+11:00,70567,-37.670639147982,144.55312779173255,3.96465,157.79999999999995,3289,10.9152,10915.2,,86,0.0,29,2017-11-30 08:36:07,Australia/Melbourne
2017-11-30 19:36:15+11:00,70575,-37.67062800005078,144.55288857221603,3.98578,157.60000000000005,3288,10.5156,10515.6,,83,0.5,29,2017-11-30 08:36:15,Australia/Melbourne
2017-11-30 19:36:19+11:00,70579,-37.670618612319224,144.55276845954359,3.9965800000000002,157.79999999999995,3289,10.4148,10414.8,,85,0.0,29,2017-11-30 08:36:19,Australia/Melbourne
2017-11-30 19:36:21+11:00,70581,-37.67065985128284,144.55274993553758,4.0014699999999985,157.79999999999995,3289,10.0764,10076.4,,85,0.0,29,2017-11-30 08:36:21,Australia/Melbourne
2017-11-30 19:36:25+11:00,70585,-37.67076127231121,144.55272981896996,4.01291,157.60000000000005,3288,10.2132,10213.2,,85,0.0,29,2017-11-30 08:36:25,Australia/Melbourne
2017-11-30 19:36:30+11:00,70590,-37.67084827646613,144.55260291695598,4.02779,157.20000000000005,3286,10.277999999999999,10278.0,,85,0.5,29,2017-11-30 08:36:30,Australia/Melbourne
2017-11-30 19:36:37+11:00,70597,-37.67082086764275,144.55235757865015,4.0507100000000005,157.20000000000005,3286,10.5804,10580.4,,85,0.0,29,2017-11-30 08:36:37,Australia/Melbourne
2017-11-30 19:36:43+11:00,70603,-37.67066387459636,144.55233989283442,4.06887,158.0,3290,10.9152,10915.2,,86,0.5,29,2017-11-30 08:36:43,Australia/Melbourne
2017-11-30 19:36:50+11:00,70610,-37.67064250074328,144.5520890224725,4.09123,157.79999999999995,3289,10.8504,10850.4,,85,0.0,29,2017-11-30 08:36:50,Australia/Melbourne
2017-11-30 19:36:51+11:00,70611,-37.67062707804144,144.55206647515297,4.09384,157.79999999999995,3289,10.7496,10749.6,,86,0.5,29,2017-11-30 08:36:51,Australia/Melbourne
2017-11-30 19:36:58+11:00,70618,-37.6704388204962,144.55205507576466,4.115,157.60000000000005,3288,11.052,11052.0,,85,0.5,29,2017-11-30 08:36:58,Australia/Melbourne
2017-11-30 19:37:05+11:00,70625,-37.67026497982442,144.552135290578,4.1362,157.60000000000005,3288,11.3544,11354.4,,85,0.0,29,2017-11-30 08:37:05,Australia/Melbourne
2017-11-30 19:37:13+11:00,70633,-37.67006356269121,144.55218784511092,4.15908,157.79999999999995,3289,10.6128,10612.8,,85,0.5,29,2017-11-30 08:37:13,Australia/Melbourne
2017-11-30 19:37:20+11:00,70640,-37.669870778918266,144.55223050899804,4.18082,158.20000000000005,3291,10.8144,10814.4,,85,0.0,29,2017-11-30 08:37:20,Australia/Melbourne
2017-11-30 19:37:27+11:00,70647,-37.66968889161944,144.552307035774,4.2022699999999995,158.20000000000005,3291,10.9512,10951.2,,85,0.5,29,2017-11-30 08:37:27,Australia/Melbourne
2017-11-30 19:37:35+11:00,70655,-37.669498538598425,144.55234726890922,4.2237800000000005,158.39999999999995,3292,10.6488,10648.8,,85,0.5,29,2017-11-30 08:37:35,Australia/Melbourne
2017-11-30 19:37:42+11:00,70662,-37.66931296326221,144.5523901004344,4.24482,158.60000000000005,3293,10.6488,10648.8,,86,0.5,29,2017-11-30 08:37:42,Australia/Melbourne
2017-11-30 19:37:49+11:00,70669,-37.669106181710966,144.5524050202221,4.2678400000000005,159.0,3295,10.8144,10814.4,,85,0.5,29,2017-11-30 08:37:49,Australia/Melbourne
2017-11-30 19:37:56+11:00,70676,-37.66890442930162,144.5524293277413,4.29035,159.20000000000005,3296,10.9836,10983.6,,85,0.5,29,2017-11-30 08:37:56,Australia/Melbourne
2017-11-30 19:38:02+11:00,70682,-37.668737294152386,144.55245589837432,4.3090600000000014,159.39999999999995,3297,11.1168,11116.8,,85,0.5,29,2017-11-30 08:38:02,Australia/Melbourne
2017-11-30 19:38:09+11:00,70689,-37.668543504551046,144.55246956087652,4.33092,159.60000000000005,3298,11.286,11286.0,,85,0.0,29,2017-11-30 08:38:09,Australia/Melbourne
2017-11-30 19:38:17+11:00,70697,-37.66834443435072,144.55249411985278,4.35334,160.20000000000005,3301,11.1168,11116.8,,85,0.0,29,2017-11-30 08:38:17,Australia/Melbourne
2017-11-30 19:38:20+11:00,70700,-37.6682751160115,144.55250618979338,4.36111,160.39999999999995,3302,10.9836,10983.6,,85,0.0,29,2017-11-30 08:38:20,Australia/Melbourne
2017-11-30 19:38:27+11:00,70707,-37.668077973648906,144.5525557268411,4.38345,160.60000000000005,3303,10.9152,10915.2,,86,0.5,29,2017-11-30 08:38:27,Australia/Melbourne
2017-11-30 19:38:34+11:00,70714,-37.66788812354207,144.55258908681571,4.40475,160.60000000000005,3303,10.9152,10915.2,,85,0.5,29,2017-11-30 08:38:34,Australia/Melbourne
2017-11-30 19:38:41+11:00,70721,-37.66770623624325,144.55266184173524,4.42629,160.79999999999995,3304,11.015999999999998,11016.0,,85,0.0,29,2017-11-30 08:38:41,Australia/Melbourne
2017-11-30 19:38:48+11:00,70728,-37.6675084233284,144.5526926871389,4.4484200000000005,160.79999999999995,3304,11.0844,11084.4,,86,0.5,29,2017-11-30 08:38:48,Australia/Melbourne
2017-11-30 19:38:55+11:00,70735,-37.66732058487833,144.55273820087314,4.4697,160.79999999999995,3304,11.052,11052.0,,85,0.5,29,2017-11-30 08:38:55,Australia/Melbourne
2017-11-30 19:39:02+11:00,70742,-37.667129142209895,144.55277265049514,4.491169999999999,161.0,3305,11.0844,11084.4,,86,0.5,29,2017-11-30 08:39:02,Australia/Melbourne
2017-11-30 19:39:05+11:00,70745,-37.6670406293124,144.55278480425474,4.50105,161.39999999999995,3307,11.1528,11152.8,,85,0.5,29,2017-11-30 08:39:05,Australia/Melbourne
2017-11-30 19:39:12+11:00,70752,-37.666847929358475,144.55282201990485,4.52268,161.60000000000005,3308,11.1168,11116.8,,85,0.5,29,2017-11-30 08:39:12,Australia/Melbourne
2017-11-30 19:39:19+11:00,70759,-37.66664852388203,144.55284808762372,4.544919999999999,161.79999999999995,3309,11.185200000000002,11185.2,,85,0.5,29,2017-11-30 08:39:19,Australia/Melbourne
2017-11-30 19:39:26+11:00,70766,-37.666457835584886,144.55288404598832,4.566319999999998,161.60000000000005,3308,11.185200000000002,11185.2,,85,0.0,29,2017-11-30 08:39:26,Australia/Melbourne
2017-11-30 19:39:33+11:00,70773,-37.66625826247037,144.55287457443777,4.58866,162.20000000000005,3311,11.286,11286.0,,86,0.5,29,2017-11-30 08:39:33,Australia/Melbourne
2017-11-30 19:39:37+11:00,70777,-37.666166815906756,144.5529217645526,4.5999300000000005,162.39999999999995,3312,11.1168,11116.8,,85,0.0,29,2017-11-30 08:39:37,Australia/Melbourne
2017-11-30 19:39:39+11:00,70779,-37.66616790555417,144.552991585806,4.606229999999999,162.39999999999995,3312,11.052,11052.0,,85,0.5,29,2017-11-30 08:39:39,Australia/Melbourne
2017-11-30 19:39:45+11:00,70785,-37.666199002414935,144.55322192050517,4.62691,162.79999999999995,3314,11.185200000000002,11185.2,,85,0.0,29,2017-11-30 08:39:45,Australia/Melbourne
2017-11-30 19:39:52+11:00,70792,-37.66626077704132,144.5534595474601,4.6492700000000005,162.79999999999995,3314,11.3184,11318.4,,86,0.5,29,2017-11-30 08:39:52,Australia/Melbourne
2017-11-30 19:39:53+11:00,70793,-37.66628324054181,144.55347840674222,4.65226,162.79999999999995,3314,11.286,11286.0,,86,0.5,29,2017-11-30 08:39:53,Australia/Melbourne
2017-11-30 19:40:00+11:00,70800,-37.66648180782796,144.553454015404,4.67457,162.60000000000005,3313,11.286,11286.0,,85,0.5,29,2017-11-30 08:40:00,Australia/Melbourne
2017-11-30 19:40:07+11:00,70807,-37.66668020747603,144.55341713503003,4.69683,162.39999999999995,3312,11.3544,11354.4,,85,0.0,29,2017-11-30 08:40:07,Australia/Melbourne
2017-11-30 19:40:14+11:00,70814,-37.66687592491508,144.5533813443035,4.71877,162.20000000000005,3311,11.3184,11318.4,,85,0.5,29,2017-11-30 08:40:14,Australia/Melbourne
2017-11-30 19:40:21+11:00,70821,-37.66707449220121,144.5533499121666,4.74098,161.79999999999995,3309,11.3544,11354.4,,86,0.5,29,2017-11-30 08:40:21,Australia/Melbourne
2017-11-30 19:40:28+11:00,70828,-37.66726434230805,144.55330540426075,4.76242,161.60000000000005,3308,11.3868,11386.8,,85,0.5,29,2017-11-30 08:40:28,Australia/Melbourne
2017-11-30 19:40:35+11:00,70835,-37.667452096939094,144.5532620698214,4.78361,161.60000000000005,3308,11.286,11286.0,,87,0.5,29,2017-11-30 08:40:35,Australia/Melbourne
2017-11-30 19:40:38+11:00,70838,-37.66752703115343,144.55324388109145,4.79208,161.39999999999995,3307,11.1168,11116.8,,86,0.0,29,2017-11-30 08:40:38,Australia/Melbourne
2017-11-30 19:40:45+11:00,70845,-37.66772786155343,144.5532007142901,4.8147400000000005,160.79999999999995,3304,11.1168,11116.8,,86,0.0,29,2017-11-30 08:40:45,Australia/Melbourne
2017-11-30 19:40:48+11:00,70848,-37.667811261489994,144.55324891023338,4.82522,160.39999999999995,3302,11.185200000000002,11185.2,,86,0.0,29,2017-11-30 08:40:48,Australia/Melbourne
2017-11-30 19:40:49+11:00,70849,-37.66782760620117,144.5532857906073,4.8289300000000015,160.20000000000005,3301,11.2536,11253.6,,86,0.0,29,2017-11-30 08:40:49,Australia/Melbourne
2017-11-30 19:40:55+11:00,70855,-37.667873539030545,144.5535104256123,4.849419999999999,159.79999999999995,3299,11.556,11556.0,,87,0.5,29,2017-11-30 08:40:55,Australia/Melbourne
2017-11-30 19:41:02+11:00,70862,-37.667910922318704,144.55376213416457,4.8720099999999995,160.39999999999995,3302,11.5884,11588.4,,86,0.5,29,2017-11-30 08:41:02,Australia/Melbourne
2017-11-30 19:41:09+11:00,70869,-37.66793606802821,144.5540013536811,4.893330000000001,160.39999999999995,3302,11.3184,11318.4,,86,0.5,29,2017-11-30 08:41:09,Australia/Melbourne
2017-11-30 19:41:16+11:00,70876,-37.667959034442895,144.55425281077626,4.9156699999999995,160.39999999999995,3302,11.3544,11354.4,,86,0.5,28,2017-11-30 08:41:16,Australia/Melbourne
2017-11-30 19:41:23+11:00,70883,-37.66798635944724,144.5545021723956,4.937880000000001,160.60000000000005,3303,11.4552,11455.2,,86,0.5,28,2017-11-30 08:41:23,Australia/Melbourne
2017-11-30 19:41:30+11:00,70890,-37.66801837831736,144.55474692396817,4.95976,160.20000000000005,3301,11.3868,11386.8,,86,0.5,28,2017-11-30 08:41:30,Australia/Melbourne
2017-11-30 19:41:37+11:00,70897,-37.66805374994874,144.55499779433012,4.9822700000000015,160.0,3300,11.4552,11455.2,,85,0.5,28,2017-11-30 08:41:37,Australia/Melbourne
2017-11-30 19:41:43+11:00,70903,-37.668074369430535,144.5552092697471,5.0011,159.79999999999995,3299,11.4876,11487.6,,87,0.0,28,2017-11-30 08:41:43,Australia/Melbourne
2017-11-30 19:41:44+11:00,70904,-37.66808132641017,144.55524321645495,5.0042,159.79999999999995,3299,11.4876,11487.6,,86,0.0,28,2017-11-30 08:41:44,Australia/Melbourne
